SALE TYPE,SOLD DATE,PROPERTY TYPE,ADDRESS,CITY,STATE OR PROVINCE,ZIP OR POSTAL CODE,PRICE,BEDS,BATHS,LOCATION,SQUARE FEET,LOT SIZE,YEAR BUILT,DAYS ON MARKET,$/SQUARE FEET,HOA/MONTH,STATUS,NEXT OPEN HOUSE START TIME,NEXT OPEN HOUSE END TIME,URL (SEE https://www.redfin.com/buy-a-home/comparative-market-analysis FOR INFO ON PRICING),SOURCE,MLS#,FAVORITE,INTERESTED,LATITUDE,LONGITUDE
MLS Listing,,Condo/Co-op,4053 N Sheridan Rd #3,Chicago,IL,60613,230000,1,1.0,CHI - Uptown,750,,1920,1,307,333,Active,October-8-2022 11:00 AM,October-8-2022 01:00 PM,https://www.redfin.com/IL/Chicago/4053-N-Sheridan-Rd-60613/unit-3/home/12704815,MRED,11639663,N,Y,41.9560699,-87.654185
MLS Listing,,Condo/Co-op,932 W George St #3,Chicago,IL,60657,469500,2,2.0,CHI - Lake View,,,1996,1,,195,Active,October-8-2022 11:00 AM,October-8-2022 01:00 PM,https://www.redfin.com/IL/Chicago/932-W-George-St-60657/unit-3/home/13362961,MRED,11646782,N,Y,41.934697,-87.6528898
MLS Listing,,Single Family Residential,3638 N Oconto Ave,Chicago,IL,60634,410000,3,2.0,CHI - Dunning,1624,,1946,1,252,,Active,,,https://www.redfin.com/IL/Chicago/3638-N-Oconto-Ave-60634/home/13543603,MRED,11640609,N,Y,41.9464027,-87.8085479
MLS Listing,,Single Family Residential,4047 N Drake Ave,Chicago,IL,60618,459999,4,1.0,CHI - Irving Park,1304,,1904,1,353,,Active,October-8-2022 12:00 PM,October-8-2022 02:00 PM,https://www.redfin.com/IL/Chicago/4047-N-Drake-Ave-60618/home/13482886,MRED,11642231,N,Y,41.9552302,-87.7163447
MLS Listing,,Single Family Residential,8813 S Paulina St,Chicago,IL,60620,274900,5,3.0,CHI - Auburn Gresham,2400,3123,1959,1,115,,Active,,,https://www.redfin.com/IL/Chicago/8813-S-Paulina-St-60620/home/13102143,MRED,11645670,N,Y,41.7334888,-87.6651448
MLS Listing,,Single Family Residential,5004 N Tripp Ave,Chicago,IL,60630,369999,3,1.5,CHI - Albany Park,1392,,1927,1,266,,Active,October-15-2022 12:00 PM,October-15-2022 02:00 PM,https://www.redfin.com/IL/Chicago/5004-N-Tripp-Ave-60630/home/13495548,MRED,11638337,N,Y,41.9720332,-87.734595
MLS Listing,,Condo/Co-op,1616 W Montrose Ave Unit 2G,Chicago,IL,60613,370000,2,2.0,CHI - Uptown,,,2000,1,,362,Active,October-8-2022 11:00 AM,October-8-2022 01:00 PM,https://www.redfin.com/IL/Chicago/1616-W-Montrose-Ave-60613/unit-2G/home/12700268,MRED,11646057,N,Y,41.9617248,-87.6698944
MLS Listing,,Condo/Co-op,1138 W Pratt Blvd Unit 2S,Chicago,IL,60626,274900,2,2.0,CHI - Rogers Park,1000,,1914,1,275,356,Active,October-8-2022 11:00 AM,October-8-2022 01:00 PM,https://www.redfin.com/IL/Chicago/1138-W-Pratt-Blvd-60626/unit-2S/home/26803218,MRED,11645858,N,Y,42.006091,-87.660203
MLS Listing,,Condo/Co-op,655 W Irving Park Rd #5313,Chicago,IL,60613,212000,1,1.0,Park Place Tower,762,,1973,1,278,813,Active,,,https://www.redfin.com/IL/Chicago/655-W-Irving-Park-Rd-60613/unit-5313/home/12688974,MRED,11645806,N,Y,41.9544485,-87.6469986
MLS Listing,,Condo/Co-op,2612 N Whipple St #3,Chicago,IL,60647,325000,2,2.0,CHI - Logan Square,,,1904,1,,332,Active,October-8-2022 11:00 AM,October-8-2022 01:00 PM,https://www.redfin.com/IL/Chicago/2612-N-Whipple-St-60647/unit-3/home/26806376,MRED,11642461,N,Y,41.9290757,-87.7038007
MLS Listing,,Condo/Co-op,3836 W Lexington St #1,Chicago,IL,60624,100000,4,1.0,CHI - West Garfield Park,1200,,1904,1,83,,Active,,,https://www.redfin.com/IL/Chicago/3836-W-Lexington-St-60624/unit-1/home/13256848,MRED,11645555,N,Y,41.8719439,-87.7218811
MLS Listing,,Condo/Co-op,1622 N Mozart St Unit 1N,Chicago,IL,60647,465000,3,3.0,CHI - West Town,2200,,2003,1,211,232,Active,October-8-2022 11:00 AM,October-8-2022 01:00 PM,https://www.redfin.com/IL/Chicago/1622-N-Mozart-St-60647/unit-1N/home/12602442,MRED,11640177,N,Y,41.9109693,-87.6983077
MLS Listing,,Condo/Co-op,1542 E 67th Pl Unit 1E,Chicago,IL,60637,230000,3,2.0,CHI - South Shore,1700,,1911,2,135,200,Active,,,https://www.redfin.com/IL/Chicago/1542-E-67th-Pl-60637/unit-1E/home/21792834,MRED,11645239,N,Y,41.7726389,-87.5870334
MLS Listing,,Multi-Family (2-4 Unit),5929 S Paulina St,Chicago,IL,60636,179000,6,2.0,CHI - West Englewood,,3049,1910,2,,,Active,,,https://www.redfin.com/IL/Chicago/5929-S-Paulina-St-60636/home/13937774,MRED,11644818,N,Y,41.7858544,-87.6664932
MLS Listing,,Single Family Residential,1700 W 91st Pl,Chicago,IL,60620,260000,3,3.0,CHI - Washington Heights,2200,6250,1924,2,118,,Active,October-8-2022 11:00 AM,October-8-2022 01:00 PM,https://www.redfin.com/IL/Chicago/1700-W-91st-Pl-60620/home/13099144,MRED,11644773,N,Y,41.7277033,-87.6654915
MLS Listing,,Multi-Family (2-4 Unit),6625 N California Ave,Chicago,IL,60645,525000,6,4.0,CHI - West Ridge,,,1958,2,,,Active,,,https://www.redfin.com/IL/Chicago/6625-N-California-Ave-60645/home/13582438,MRED,11640667,N,Y,42.0019766,-87.6994412
MLS Listing,,Condo/Co-op,1601 S State St Unit 3E,Chicago,IL,60616,384900,3,2.0,CHI - Near South Side,1650,,2004,2,233,670,Active,,,https://www.redfin.com/IL/Chicago/1601-S-State-St-60616/unit-3E/home/179110292,MRED,11644652,N,Y,41.8599299,-87.6268884
MLS Listing,,Condo/Co-op,100 E 14th St #1807,Chicago,IL,60605,399000,2,2.0,CHI - Near South Side,1248,,2008,3,320,610,Active,October-8-2022 12:00 PM,October-8-2022 02:00 PM,https://www.redfin.com/IL/Chicago/100-E-14th-St-60605/unit-1807/home/39570460,MRED,11644076,N,Y,41.8645195,-87.6238055
MLS Listing,,Condo/Co-op,2214 N Campbell Ave Unit 1B,Chicago,IL,60647,379999,3,3.0,CHI - Logan Square,1600,,1894,3,237,286,Active,,,https://www.redfin.com/IL/Chicago/2214-N-Campbell-Ave-60647/unit-1B/home/18936313,MRED,11643850,N,Y,41.9221112,-87.6896587
MLS Listing,,Single Family Residential,8500 S Keeler Ave,Chicago,IL,60652,320000,3,1.5,CHI - Ashburn,1222,5148,1968,3,262,,Active,,,https://www.redfin.com/IL/Chicago/8500-S-Keeler-Ave-60652/home/13967353,MRED,11643825,N,Y,41.7382956,-87.7267083
MLS Listing,,Condo/Co-op,1440 S Michigan Ave #514,Chicago,IL,60605,345000,2,2.0,CHI - Near South Side,1100,,2000,3,314,478,Active,October-8-2022 11:00 AM,October-8-2022 01:00 PM,https://www.redfin.com/IL/Chicago/1440-S-Michigan-Ave-60605/unit-514/home/12733007,MRED,11643799,N,Y,41.863073831,-87.62441374
MLS Listing,,Multi-Family (2-4 Unit),1936 W Belle Plaine Ave,Chicago,IL,60613,979900,6,3.0,CHI - North Center,,,1898,6,,,Active,,,https://www.redfin.com/IL/Chicago/1936-W-Belle-Plaine-Ave-60613/home/13389613,MRED,11640604,N,Y,41.9561936,-87.677857
MLS Listing,,Single Family Residential,419 E 42nd St,Chicago,IL,60653,455000,8,3.5,CHI - Grand Boulevard,3900,4922,1893,6,117,,Active,October-8-2022 02:00 PM,October-8-2022 04:00 PM,https://www.redfin.com/IL/Chicago/419-E-42nd-St-60653/home/13960954,MRED,11638571,N,Y,41.8182449,-87.6158032
MLS Listing,,Condo/Co-op,1841 S Calumet Ave #1511,Chicago,IL,60616,345000,2,2.0,CHI - Near South Side,1080,,2004,6,319,644,Active,,,https://www.redfin.com/IL/Chicago/1841-S-Calumet-Ave-60616/unit-1511/home/18937852,MRED,11634799,N,Y,41.8573213,-87.6189079
MLS Listing,,Condo/Co-op,1110 N Lake Shore Dr Unit 4N,Chicago,IL,60611,485000,3,2.5,CHI - Near North Side,2122,,1969,6,229,2540,Active,,,https://www.redfin.com/IL/Chicago/1110-N-Lake-Shore-Dr-60611/unit-4N/home/14122746,MRED,11641991,N,Y,41.902836,-87.625043
MLS Listing,,Townhouse,3657 S Normal Ave Unit E,Chicago,IL,60609,470000,3,2.5,CHI - Bridgeport,1640,,1997,6,287,,Active,,,https://www.redfin.com/IL/Chicago/3657-S-Normal-Ave-60609/unit-E/home/14072408,MRED,11641978,N,Y,41.8273796,-87.6385494
MLS Listing,,Single Family Residential,6437 S Troy St,Chicago,IL,60629,280000,5,2.5,CHI - Chicago Lawn,1150,3136,1919,6,243,,Active,,,https://www.redfin.com/IL/Chicago/6437-S-Troy-St-60629/home/13988041,MRED,11641977,N,Y,41.7760724,-87.701577
MLS Listing,,Condo/Co-op,1143 S Plymouth Ct #604,Chicago,IL,60605,289900,2,2.0,Dearborn Park,1250,,1979,7,232,553,Active,,,https://www.redfin.com/IL/Chicago/1143-S-Plymouth-Ct-60605/unit-604/home/14091229,MRED,11639645,N,Y,41.8688062,-87.6282799
MLS Listing,,Condo/Co-op,1914 N Sheffield Ave Unit 2F,Chicago,IL,60614,415000,2,1.0,CHI - Lincoln Park,,,1889,7,,232,Active,,,https://www.redfin.com/IL/Chicago/1914-N-Sheffield-Ave-60614/unit-2F/home/13352007,MRED,11641451,N,Y,41.916541,-87.653664
MLS Listing,,Condo/Co-op,6250 N Francisco Ave Unit GBE,Chicago,IL,60659,139000,2,1.0,CHI - West Ridge,,,1950,7,,262,Active,,,https://www.redfin.com/IL/Chicago/6250-N-Francisco-Ave-60659/unit-GBE/home/181753220,MRED,11628403,N,Y,41.9956195,-87.7023048
MLS Listing,,Condo/Co-op,2753 N Hampden Ct Unit 2B,Chicago,IL,60614,1895000,4,4.5,CHI - Lincoln Park,2902,,2019,7,653,650,Active,October-8-2022 12:00 PM,October-8-2022 02:00 PM,https://www.redfin.com/IL/Chicago/2753-N-Hampden-Ct-60614/unit-2B/home/144232690,MRED,11641379,N,Y,41.9322901,-87.6420418
MLS Listing,,Condo/Co-op,2004 W Erie St Unit 1W,Chicago,IL,60612,765000,4,3.0,CHI - West Town,,,2013,7,,300,Active,,,https://www.redfin.com/IL/Chicago/2004-W-Erie-St-60612/unit-1W/home/113044196,MRED,11610855,N,Y,41.8932873,-87.6772969
MLS Listing,,Condo/Co-op,2700 N Hampden Ct Unit 18C,Chicago,IL,60614,305000,2,2.0,CHI - Lincoln Park,1200,,1968,7,254,916,Active,,,https://www.redfin.com/IL/Chicago/2700-N-Hampden-Ct-60614/unit-18C/home/13368686,MRED,11641053,N,Y,41.9308327,-87.6419459
MLS Listing,,Condo/Co-op,1505 N Fairfield Ave Unit 3N,Chicago,IL,60622,534900,2,2.0,CHI - West Town,,,2017,7,,155,Active,,,https://www.redfin.com/IL/Chicago/1505-N-Fairfield-Ave-60622/unit-3N/home/112688535,MRED,11641050,N,Y,41.908571,-87.695354
MLS Listing,,Condo/Co-op,2529 N Halsted St Unit 2S,Chicago,IL,60614,565000,2,2.0,Lillview Condominiums,1800,,1997,8,314,270,Active,,,https://www.redfin.com/IL/Chicago/2529-N-Halsted-St-60614/unit-2S/home/12804448,MRED,11640346,N,Y,41.9281067,-87.6485351
MLS Listing,,Condo/Co-op,1464 S Michigan Ave #505,Chicago,IL,60605,295000,2,1.0,Marquee,900,,2008,8,328,537,Active,,,https://www.redfin.com/IL/Chicago/1464-S-Michigan-Ave-60605/unit-505/home/39570938,MRED,11640320,N,Y,41.8622613,-87.624234
MLS Listing,,Condo/Co-op,3151 N Lincoln Ave #208,Chicago,IL,60657,279500,1,1.0,CHI - Lake View,720,,1934,8,388,393,Active,,,https://www.redfin.com/IL/Chicago/3151-N-Lincoln-Ave-60657/unit-208/home/13365646,MRED,11636687,N,Y,41.939122,-87.6677022
MLS Listing,,Townhouse,2344 W George St,Chicago,IL,60618,400000,2,1.5,Riverwalk,1630,,2000,9,245,383,Active,October-8-2022 12:00 PM,October-8-2022 02:00 PM,https://www.redfin.com/IL/Chicago/2344-W-George-St-60618/home/12698311,MRED,11634977,N,Y,41.933943284,-87.68724584
MLS Listing,,Single Family Residential,3626 S Giles Ave,Chicago,IL,60653,530000,4,3.5,CHI - Douglas,1878,3362,2002,9,282,,Active,,,https://www.redfin.com/IL/Chicago/3626-S-Giles-Ave-60653/home/12733527,MRED,11639092,N,Y,41.8284225,-87.6195539
MLS Listing,,Condo/Co-op,125 E 13th St #604,Chicago,IL,60605,440000,2,2.0,Museum Park Lofts,1300,,2002,9,338,506,Active,,,https://www.redfin.com/IL/Chicago/125-E-13th-St-60605/unit-604/home/12645866,MRED,11639050,N,Y,41.8655862,-87.62288
MLS Listing,,Multi-Family (2-4 Unit),6549 S Saint Lawrence Ave,Chicago,IL,60637,449000,7,3.0,CHI - Woodlawn,,2613,1895,10,,,Active,,,https://www.redfin.com/IL/Chicago/6549-S-Saint-Lawrence-Ave-60637/home/181310601,MRED,11638447,N,Y,41.775257,-87.6103936
MLS Listing,,Condo/Co-op,3600 N Lake Shore Dr #2625,Chicago,IL,60613,274900,1,1.0,CHI - Lake View,,,1960,10,,764,Active,,,https://www.redfin.com/IL/Chicago/3600-N-Lake-Shore-Dr-60613/unit-2625/home/13376979,MRED,11636779,N,Y,41.9489369,-87.6441842
MLS Listing,,Condo/Co-op,643 W Barry Ave Unit 1D,Chicago,IL,60657,235000,1,1.0,CHI - Lake View,700,,1970,10,336,197,Active,,,https://www.redfin.com/IL/Chicago/643-W-Barry-Ave-60657/unit-1D/home/12683066,MRED,11638265,N,Y,41.9375782,-87.6459541
MLS Listing,,Single Family Residential,2610 N Kimball Ave,Chicago,IL,60647,1050000,5,3.5,CHI - Logan Square,2984,3920,2007,13,352,,Active,,,https://www.redfin.com/IL/CHICAGO/2610-N-KIMBALL-AVE-60647/home/18946402,MRED,11637137,N,Y,41.928782,-87.712619
MLS Listing,,Condo/Co-op,4852 N Paulina St Unit 1E,Chicago,IL,60640,165000,1,1.0,CHI - Uptown,784,,1969,13,210,257,Active,,,https://www.redfin.com/IL/Chicago/4852-N-Paulina-St-60640/unit-1E/home/13402797,MRED,11633779,N,Y,41.9704285,-87.6715481
MLS Listing,,Single Family Residential,2015 Newton Ave,Park Ridge,IL,60068,395000,3,2.0,Park Ridge,960,5850,1944,13,411,,Active,,,https://www.redfin.com/IL/Park-Ridge/2015-Newton-Ave-60068/home/13565798,MRED,11636567,N,Y,41.9856771,-87.8240227
MLS Listing,,Condo/Co-op,625 W Jackson Blvd #707,Chicago,IL,60661,390000,2,1.0,Capitol Hill Lofts,1050,,1918,14,371,555,Active,,,https://www.redfin.com/IL/Chicago/625-W-Jackson-Blvd-60661/unit-707/home/12713702,MRED,11632980,N,Y,41.8778774,-87.6435687
MLS Listing,,Condo/Co-op,600 N Fairbanks Ct #2006,Chicago,IL,60611,379900,1,1.0,CHI - Near North Side,821,,2008,14,463,483,Active,,,https://www.redfin.com/IL/Chicago/600-N-Fairbanks-Ct-60611/unit-2006/home/39557848,MRED,11633983,N,Y,41.8927936,-87.6206433
MLS Listing,,Condo/Co-op,100 E Huron St #1703,Chicago,IL,60611,550000,2,2.0,CHI - Near North Side,1481,,1989,14,371,1193,Active,,,https://www.redfin.com/IL/Chicago/100-E-Huron-St-60611/unit-1703/home/14099785,MRED,11635603,N,Y,41.895034,-87.6250256
MLS Listing,,Townhouse,26 S Aberdeen St #8,Chicago,IL,60607,775000,3,2.0,CHI - Near West Side,2000,,2007,14,388,275,Active,October-8-2022 11:00 AM,October-8-2022 01:00 PM,https://www.redfin.com/IL/Chicago/26-S-Aberdeen-St-60607/unit-8/home/12632522,MRED,11632635,N,Y,41.8808922,-87.6549666
MLS Listing,,Condo/Co-op,4867 N Rockwell St Unit G,Chicago,IL,60625,269900,2,2.0,CHI - Lincoln Square,,,1924,15,,169,Active,,,https://www.redfin.com/IL/Chicago/4867-N-Rockwell-St-60625/unit-G/home/39944206,MRED,11631733,N,Y,41.9706095,-87.6936159
MLS Listing,,Condo/Co-op,1455 N Sandburg Ter Unit 1009B,Chicago,IL,60610,349900,2,1.0,CHI - Near North Side,,,1964,15,,671,Active,,,https://www.redfin.com/IL/Chicago/1455-N-Sandburg-Ter-60610/unit-1009B/home/14116073,MRED,11635048,N,Y,41.9088719,-87.6320457
MLS Listing,,Condo/Co-op,2341 W Roscoe St Unit 1W,Chicago,IL,60618,899000,4,2.5,CHI - North Center,,,2018,15,,307,Active,,,https://www.redfin.com/IL/Chicago/2341-W-Roscoe-St-60618/unit-1W/home/175638037,MRED,11634849,N,Y,41.94290002,-87.68744241
MLS Listing,,Townhouse,648 W Oak St,Chicago,IL,60610,779900,3,2.5,CHI - Near North Side,,,2007,15,,254,Active,,,https://www.redfin.com/IL/Chicago/648-W-Oak-St-60610/home/12621241,MRED,11628992,N,Y,41.8999386,-87.6447673
MLS Listing,,Condo/Co-op,660 W Wayman St Unit 507B,Chicago,IL,60661,319000,1,2.0,Trio,800,,2008,15,399,519,Active,,,https://www.redfin.com/IL/Chicago/660-W-Wayman-St-60661/unit-507B/home/21801927,MRED,11634629,N,Y,41.887518,-87.645063
MLS Listing,,Condo/Co-op,1000 W Leland Ave Unit 6F,Chicago,IL,60640,249900,2,1.0,CHI - Uptown,,,2004,16,,376,Active,,,https://www.redfin.com/IL/Chicago/1000-W-Leland-Ave-60640/unit-6F/home/12571464,MRED,11634053,N,Y,41.9673599,-87.6549621
MLS Listing,,Single Family Residential,4852 N Mont Clare Ave,Chicago,IL,60656,359900,4,2.5,CHI - Norwood Park,1250,,1958,16,288,,Active,,,https://www.redfin.com/IL/Chicago/4852-N-Mont-Clare-Ave-60656/home/13504887,MRED,11629963,N,Y,41.969838,-87.8051296
MLS Listing,,Single Family Residential,19 E 102nd Pl,Chicago,IL,60628,150000,3,2.0,CHI - Roseland,1633,4687,1905,16,92,,Active,,,https://www.redfin.com/IL/Chicago/19-E-102nd-Pl-60628/home/13088235,MRED,11634032,N,Y,41.7078927,-87.6227451
MLS Listing,,Condo/Co-op,1069 W Foster Ave Unit 2D,Chicago,IL,60640,274900,2,2.0,CHI - Uptown,1099,,1917,16,250,235,Active,October-8-2022 02:00 PM,October-8-2022 04:00 PM,https://www.redfin.com/IL/Chicago/1069-W-Foster-Ave-60640/unit-2D/home/181855921,MRED,11633695,N,Y,41.9762601,-87.6574334
MLS Listing,,Condo/Co-op,1307 S Wabash Ave #408,Chicago,IL,60605,225000,1,1.0,CHI - Near South Side,,,1929,17,,418,Active,,,https://www.redfin.com/IL/Chicago/1307-S-Wabash-Ave-60605/unit-408/home/12725359,MRED,11633228,N,Y,41.8654407,-87.6253097
MLS Listing,,Single Family Residential,557 E 92nd Pl,Chicago,IL,60619,250000,4,2.0,CHI - Chatham,2254,3123,1910,17,111,,Active,,,https://www.redfin.com/IL/Chicago/557-E-92nd-Pl-60619/home/13109058,MRED,11632923,N,Y,41.7262784,-87.6095757
MLS Listing,,Condo/Co-op,1720 S Michigan Ave #1204,Chicago,IL,60616,225900,1,1.0,CHI - Near South Side,700,,2005,17,323,354,Active,,,https://www.redfin.com/IL/Chicago/1720-S-Michigan-Ave-60616/unit-1204/home/39558369,MRED,11632639,N,Y,41.8586026,-87.6246153
MLS Listing,,Townhouse,1618 N Larrabee St,Chicago,IL,60614,885000,4,2.5,CHI - Lincoln Park,,,1987,20,,,Active,,,https://www.redfin.com/IL/Chicago/1618-N-Larrabee-St-60614/home/13346471,MRED,11626092,N,Y,41.9118205,-87.6436813
MLS Listing,,Condo/Co-op,1935 S Archer Ave #518,Chicago,IL,60616,240000,1,1.0,CHI - Near South Side,900,,2006,20,267,443,Active,,,https://www.redfin.com/IL/Chicago/1935-S-Archer-Ave-60616/unit-518/home/18931231,MRED,11617212,N,Y,41.8558278,-87.6283056
MLS Listing,,Condo/Co-op,100 E 14th St #2301,Chicago,IL,60605,710000,3,2.0,CHI - Near South Side,1695,,2006,20,419,1060,Active,,,https://www.redfin.com/IL/Chicago/100-E-14th-St-60605/unit-2301/home/39570245,MRED,11631110,N,Y,41.8645195,-87.6238055
MLS Listing,,Condo/Co-op,839 W Ainslie St Unit 3W,Chicago,IL,60640,370000,2,2.0,CHI - Uptown,1700,,1911,20,218,272,Active,,,https://www.redfin.com/IL/Chicago/839-W-Ainslie-St-60640/unit-3W/home/180592376,MRED,11627450,N,Y,41.971386,-87.65176
MLS Listing,,Single Family Residential,3427 W 61st St,Chicago,IL,60629,374900,5,2.0,CHI - Chicago Lawn,,6015,1880,20,,,Active,,,https://www.redfin.com/IL/Chicago/3427-W-61st-St-60629/home/14007551,MRED,11631397,N,Y,41.7823033,-87.7092179
MLS Listing,,Condo/Co-op,40 E 9th St #718,Chicago,IL,60605,210000,1,1.0,CHI - Loop,910,,1998,20,231,642,Active,October-8-2022 11:00 AM,October-8-2022 01:00 PM,https://www.redfin.com/IL/Chicago/40-E-9th-St-60605/unit-718/home/12633439,MRED,11628221,N,Y,41.8707384,-87.6263891
MLS Listing,,Multi-Family (2-4 Unit),7847 S Saint Lawrence Ave,Chicago,IL,60619,250000,4,2.0,CHI - Greater Grand Crossing,,,1915,20,,,Active,,,https://www.redfin.com/IL/Chicago/7847-S-St-Lawrence-Ave-60619/home/13917649,MRED,11631184,N,Y,41.7516483,-87.6098109
MLS Listing,,Condo/Co-op,3660 N Lake Shore Dr #410,Chicago,IL,60613,199900,1,1.0,CHI - Lake View,,,1987,20,,379,Active,,,https://www.redfin.com/IL/Chicago/3660-N-Lake-Shore-Dr-60613/unit-410/home/12741996,MRED,11625722,N,Y,41.949859,-87.6457899
MLS Listing,,Condo/Co-op,4216 S Ellis Ave Unit 3S,Chicago,IL,60653,579999,4,4.0,CHI - Oakland,3500,,2016,20,166,320,Active,,,https://www.redfin.com/IL/Chicago/4216-S-Ellis-Ave-60653/unit-3S/home/144510582,MRED,11631038,N,Y,41.8174267,-87.6022424
MLS Listing,,Condo/Co-op,400 E Randolph St #3628,Chicago,IL,60601,345000,1,1.0,CHI - Loop,860,,1963,21,401,680,Active,,,https://www.redfin.com/IL/Chicago/400-E-Randolph-St-60601/unit-3628/home/14094290,MRED,11630701,N,Y,41.885003,-87.6168638
MLS Listing,,Single Family Residential,4015 N Drake Ave,Chicago,IL,60618,795000,4,3.5,CHI - Irving Park,3576,3036,2013,21,222,,Active,,,https://www.redfin.com/IL/Chicago/4015-N-Drake-Ave-60618/home/13482788,MRED,11630015,N,Y,41.9543587,-87.7163092
MLS Listing,,Condo/Co-op,5559 S Blackstone Ave #2,Chicago,IL,60637,369000,3,2.0,CHI - Hyde Park,1600,,1906,22,231,656,Active,,,https://www.redfin.com/IL/Chicago/5559-S-Blackstone-Ave-60637/unit-2/home/12565773,MRED,11629364,N,Y,41.7935128,-87.5898569
MLS Listing,,Condo/Co-op,4631 S Ellis Ave Unit 3R,Chicago,IL,60653,399900,3,2.5,Ellington Court,2103,,,22,190,202,Active,,,https://www.redfin.com/IL/Chicago/4631-S-Ellis-Ave-60653/unit-3R/home/12733143,MRED,11629270,N,Y,41.8104971,-87.6012893
MLS Listing,,Condo/Co-op,3543 W Belmont Ave #2,Chicago,IL,60618,450000,3,2.5,CHI - Avondale,1650,,2011,22,273,265,Active,,,https://www.redfin.com/IL/Chicago/3543-W-Belmont-Ave-60618/unit-2/home/52639035,MRED,11629241,N,Y,41.93897,-87.71661
MLS Listing,,Condo/Co-op,1345 W Huron St #3,Chicago,IL,60642,569000,2,2.0,CHI - West Town,,,2016,22,,176,Active,,,https://www.redfin.com/IL/Chicago/1345-W-Huron-St-60642/unit-3/home/161065785,MRED,11628984,N,Y,41.8941037,-87.6613045
MLS Listing,,Condo/Co-op,6444 S Woodlawn Ave Unit 4N,Chicago,IL,60637,375000,3,2.0,CHI - Woodlawn,2000,,2018,22,188,202,Active,,,https://www.redfin.com/IL/Chicago/6444-S-Woodlawn-Ave-60637/unit-4N/home/179303424,MRED,11624927,N,Y,41.7773644,-87.5963797
MLS Listing,,Single Family Residential,6124 S Mcvicker Ave,Chicago,IL,60638,424000,5,3.0,CHI - Clearing,2099,3746,2010,23,202,,Active,October-9-2022 10:00 AM,October-9-2022 12:00 PM,https://www.redfin.com/IL/Chicago/6124-S-McVicker-Ave-60638/home/12817862,MRED,11626120,N,Y,41.7807017,-87.7731624
MLS Listing,,Multi-Family (2-4 Unit),8109 S Drexel Ave,Chicago,IL,60619,375000,9,3.0,CHI - Chatham,,3920,1925,23,,,Active,,,https://www.redfin.com/IL/Chicago/8109-S-Drexel-Ave-60619/home/13224206,MRED,11614791,N,Y,41.7472806,-87.6023406
MLS Listing,,Single Family Residential,6438 N Harlem Ave,Chicago,IL,60631,289999,3,2.0,CHI - Edison Park,1000,4133,1959,23,290,,Active,,,https://www.redfin.com/IL/Chicago/6438-N-Harlem-Ave-60631/home/13635879,MRED,11627997,N,Y,41.9980854,-87.8070884
MLS Listing,,Condo/Co-op,5553 N Clark St #301,Chicago,IL,60640,579900,3,2.0,CHI - Edgewater,,,2019,24,,226,Active,,,https://www.redfin.com/IL/Chicago/5553-N-Clark-St-60640/unit-301/home/168661028,MRED,11627486,N,Y,41.983298,-87.668362
MLS Listing,,Multi-Family (2-4 Unit),1637 N Richmond St,Chicago,IL,60647,540000,6,3.0,CHI - West Town,,,1880,27,,,Active,,,https://www.redfin.com/IL/Chicago/1637-N-Richmond-St-60647/home/181656397,MRED,11477424,N,Y,41.9113231,-87.7000371
MLS Listing,,Condo/Co-op,1122 W Catalpa Ave #515,Chicago,IL,60640,249900,2,1.5,Catalpa Gardens,1054,,2007,28,237,636,Active,,,https://www.redfin.com/IL/Chicago/1122-W-Catalpa-Ave-60640/unit-515/home/16882786,MRED,11625022,N,Y,41.9824219,-87.6590772
MLS Listing,,Condo/Co-op,749 S Claremont Ave #2,Chicago,IL,60612,245000,2,2.0,CHI - Near West Side,1200,,1997,28,204,150,Active,,,https://www.redfin.com/IL/Chicago/749-S-Claremont-Ave-60612/unit-2/home/12763934,MRED,11624808,N,Y,41.8717244,-87.6846611
MLS Listing,,Condo/Co-op,2324 N Lincoln Park Unit 4C,Chicago,IL,60614,160000,0,1.0,CHI - Lincoln Park,,,1927,28,,229,Active,,,https://www.redfin.com/IL/Chicago/2324-N-Lincoln-Park-W-60614/unit-4C/home/18957567,MRED,11624799,N,Y,41.924602,-87.6372469
MLS Listing,,Condo/Co-op,565 W Quincy St #1009,Chicago,IL,60661,465000,2,2.0,CHI - Near West Side,,,2009,28,,730,Active,,,https://www.redfin.com/IL/Chicago/565-W-Quincy-St-60661/unit-1009/home/171322145,MRED,11622139,N,Y,41.8784947,-87.6422376
MLS Listing,,Single Family Residential,6737 N Hermitage Ave,Chicago,IL,60626,749900,4,4.0,CHI - Rogers Park,3038,,1929,28,247,,Active,October-8-2022 12:00 PM,October-8-2022 02:00 PM,https://www.redfin.com/IL/Chicago/6737-N-Hermitage-Ave-60626/home/13570273,MRED,11624698,N,Y,42.0045994,-87.6737077
MLS Listing,,Condo/Co-op,235 W Van Buren St #4001,Chicago,IL,60607,465500,2,2.0,CHI - Loop,1352,,2010,28,344,562,Active,,,https://www.redfin.com/IL/Chicago/235-W-Van-Buren-St-60607/unit-4001/home/113098051,MRED,11618511,N,Y,41.8765303,-87.6347529
MLS Listing,,Condo/Co-op,33 W Ontario St Unit 24F,Chicago,IL,60654,425000,2,2.0,CHI - Near North Side,1250,,2003,28,340,967,Active,,,https://www.redfin.com/IL/Chicago/33-W-Ontario-St-60654/unit-24F/home/39557679,MRED,11624493,N,Y,41.8931144,-87.6291864
MLS Listing,,Condo/Co-op,910 S Michigan Ave #1211,Chicago,IL,60605,414900,2,2.0,CHI - Loop,1650,,1913,28,251,934,Active,,,https://www.redfin.com/IL/Chicago/910-S-Michigan-Ave-60605/unit-1211/home/12662665,MRED,11624383,N,Y,41.8701636,-87.6248468
MLS Listing,,Condo/Co-op,1414 N Wells St #212,Chicago,IL,60610,399900,1,1.0,CHI - Near North Side,,,1995,28,,538,Active,,,https://www.redfin.com/IL/Chicago/1414-N-Wells-St-60610/unit-212/home/14115603,MRED,11610665,N,Y,41.9081697,-87.6349094
MLS Listing,,Condo/Co-op,200 W Grand Ave #1403,Chicago,IL,60654,399000,2,2.0,CHI - Near North Side,1250,,2004,28,319,804,Active,,,https://www.redfin.com/IL/Chicago/200-W-Grand-Ave-60654/unit-1403/home/12576394,MRED,11613546,N,Y,41.8918775,-87.6344475
MLS Listing,,Condo/Co-op,3001 W Logan Blvd #1,Chicago,IL,60647,324900,2,1.0,CHI - Logan Square,950,,1908,29,342,338,Active,,,https://www.redfin.com/IL/Chicago/3001-W-Logan-Blvd-60647/unit-1/home/12727616,MRED,11613550,N,Y,41.9279283,-87.7025983
MLS Listing,,Condo/Co-op,1641 W Farwell Ave Unit 2N,Chicago,IL,60626,216500,2,2.0,CHI - Rogers Park,1000,,1918,29,217,201,Active,,,https://www.redfin.com/IL/Chicago/1641-W-Farwell-Ave-60626/unit-2N/home/26802709,MRED,11623509,N,Y,42.0060966,-87.671571
MLS Listing,,Condo/Co-op,565 W Quincy St #717,Chicago,IL,60661,360000,2,2.0,CHI - Near West Side,1132,,2009,29,318,670,Active,,,https://www.redfin.com/IL/Chicago/565-W-Quincy-St-60661/unit-717/home/28471158,MRED,11623500,N,Y,41.8783451,-87.6420845
MLS Listing,,Single Family Residential,5332 S Lowe Ave,Chicago,IL,60609,190000,4,1.5,CHI - New City,996,3149,1969,30,191,,Active,,,https://www.redfin.com/IL/Chicago/5332-S-Lowe-Ave-60609/home/13952234,MRED,11622137,N,Y,41.7970172,-87.6418759
MLS Listing,,Condo/Co-op,212 W Washington St #2111,Chicago,IL,60606,270000,2,1.0,CHI - Loop,900,,1914,30,300,766,Active,October-8-2022 01:00 PM,October-8-2022 03:00 PM,https://www.redfin.com/IL/Chicago/212-W-Washington-St-60606/unit-2111/home/113098187,MRED,11610430,N,Y,41.8833756,-87.634418
MLS Listing,,Condo/Co-op,2910 W Berwyn Ave #3,Chicago,IL,60625,215000,2,1.0,CHI - Lincoln Square,1030,,1975,30,209,324,Active,,,https://www.redfin.com/IL/Chicago/2910-W-Berwyn-Ave-60625/unit-3/home/180562903,MRED,11622067,N,Y,41.977883,-87.7021199
MLS Listing,,Condo/Co-op,2 S Leavitt St #206,Chicago,IL,60612,249900,1,1.0,CHI - Near West Side,,,2005,30,,290,Active,,,https://www.redfin.com/IL/Chicago/2-S-Leavitt-St-60612/unit-206/home/26795614,MRED,11622000,N,Y,41.8810582,-87.6816613
MLS Listing,,Single Family Residential,7007 W Farragut Ave,Chicago,IL,60656,339999,2,1.0,CHI - Norwood Park,800,2500,1961,30,425,,Active,,,https://www.redfin.com/IL/Chicago/7007-W-Farragut-Ave-60656/home/13506915,MRED,11621882,N,Y,41.9761796,-87.8027867
MLS Listing,,Condo/Co-op,474 N Lake Shore Dr #2206,Chicago,IL,60611,244000,0,1.0,CHI - Near North Side,650,,1991,34,375,554,Active,,,https://www.redfin.com/IL/Chicago/474-N-Lake-Shore-Dr-60611/unit-2206/home/12592706,MRED,11620570,N,Y,41.8908367,-87.6145904
MLS Listing,,Condo/Co-op,125 E 13th St #1104,Chicago,IL,60605,430000,2,2.0,CHI - Near South Side,1400,,2005,34,307,528,Active,,,https://www.redfin.com/IL/Chicago/125-E-13th-St-60605/unit-1104/home/12635887,MRED,11620013,N,Y,41.8655862,-87.62288
MLS Listing,,Condo/Co-op,11907 Gregory St #3,Blue Island,IL,60406,55900,1,1.0,Blue Island,640,,1964,34,87,232,Active,,,https://www.redfin.com/IL/Blue-Island/11907-Gregory-St-60406/unit-3/home/12690612,MRED,11620014,N,Y,41.6769559,-87.679048
MLS Listing,,Single Family Residential,7332 S Dante Ave,Chicago,IL,60619,274990,3,2.5,CHI - South Shore,1500,3136,1922,34,183,,Active,,,https://www.redfin.com/IL/Chicago/7332-S-Dante-Ave-60619/home/13921685,MRED,11614492,N,Y,41.7613609,-87.5899547
MLS Listing,,Single Family Residential,8444 W Agatite Ave,Chicago,IL,60656,495000,3,2.0,CHI - O'Hare,2002,5671,1958,35,247,,Active,,,https://www.redfin.com/IL/Chicago/8444-W-Agatite-Ave-60656/home/13551375,MRED,11618495,N,Y,41.9608249,-87.8382256
MLS Listing,,Single Family Residential,5465 N Mason Ave,Chicago,IL,60630,469000,4,3.0,CHI - Jefferson Park,1314,3920,1949,35,357,,Active,,,https://www.redfin.com/IL/Chicago/5465-N-Mason-Ave-60630/home/13502709,MRED,11612327,N,Y,41.980399,-87.7766215
MLS Listing,,Condo/Co-op,2 E Erie St #3907,Chicago,IL,60611,360000,1,1.0,CHI - Near North Side,824,,2002,35,437,610,Active,,,https://www.redfin.com/IL/Chicago/2-E-Erie-St-60611/unit-3907/home/12599920,MRED,11478127,N,Y,41.8943685,-87.6275053
MLS Listing,,Multi-Family (2-4 Unit),2903 W Warren Blvd,Chicago,IL,60612,379000,5,3.0,CHI - East Garfield Park,,2613,1885,36,,,Active,,,https://www.redfin.com/IL/Chicago/2903-W-Warren-Blvd-60612/home/180185481,MRED,11617973,N,Y,41.8816942,-87.6990294
MLS Listing,,Multi-Family (2-4 Unit),2128 N Mobile Ave,Chicago,IL,60639,349900,7,3.0,CHI - Belmont Cragin,,3920,1926,42,,,Active,October-8-2022 11:00 AM,October-8-2022 01:00 PM,https://www.redfin.com/IL/Chicago/2128-N-Mobile-Ave-60639/home/13429060,MRED,11613591,N,Y,41.9191123,-87.7831162
MLS Listing,,Condo/Co-op,1541 W Chestnut St #1,Chicago,IL,60642,649900,3,3.0,CHI - West Town,2600,,2004,43,250,194,Active,,,https://www.redfin.com/IL/Chicago/1541-W-Chestnut-St-60642/unit-1/home/12659323,MRED,11610879,N,Y,41.897697,-87.6664927
MLS Listing,,Condo/Co-op,1620 S Michigan Ave #1022,Chicago,IL,60616,295000,2,1.0,CHI - Near South Side,920,,2003,43,321,362,Active,,,https://www.redfin.com/IL/Chicago/1620-S-Michigan-Ave-60616/unit-1022/home/18916672,MRED,11612189,N,Y,41.859565,-87.6242683
MLS Listing,,Condo/Co-op,1600 S Indiana Ave #506,Chicago,IL,60616,325000,2,2.0,CHI - Near South Side,,,2006,44,,476,Active,,,https://www.redfin.com/IL/Chicago/1600-S-Indiana-Ave-60616/unit-506/home/26820549,MRED,11611400,N,Y,41.8598949,-87.6230088
MLS Listing,,Single Family Residential,1708 N Mcvicker Ave,Chicago,IL,60639,289999,4,1.0,CHI - Austin,2493,,1925,49,116,,Active,,,https://www.redfin.com/IL/Chicago/1708-N-McVicker-Ave-60639/home/13427673,MRED,11486575,N,Y,41.9113967,-87.7768137
MLS Listing,,Townhouse,1608 W Touhy Ave Unit A,Chicago,IL,60626,299999,3,2.0,CHI - Rogers Park,,,1959,49,,,Active,,,https://www.redfin.com/IL/Chicago/1608-W-Touhy-Ave-60626/unit-A/home/13571555,MRED,11479811,N,Y,42.0130448,-87.6706559
MLS Listing,,Condo/Co-op,2657 W Thomas St Unit 1E,Chicago,IL,60622,475000,3,3.0,CHI - West Town,1746,,2002,49,272,276,Active,,,https://www.redfin.com/IL/Chicago/2657-W-Thomas-St-60622/unit-1E/home/12657217,MRED,11607703,N,Y,41.90087,-87.694134
MLS Listing,,Single Family Residential,2826 W Warren Blvd,Chicago,IL,60612,489000,4,3.5,CHI - East Garfield Park,2388,2178,1895,49,205,,Active,,,https://www.redfin.com/IL/Chicago/2826-W-Warren-Blvd-60612/home/13259721,MRED,11490481,N,Y,41.8821993,-87.6972652
MLS Listing,,Single Family Residential,6353 S Kilpatrick Ave,Chicago,IL,60629,339900,5,2.5,Clear Ridge,1200,3746,1961,51,283,,Active,,,https://www.redfin.com/IL/Chicago/6353-S-Kilpatrick-Ave-60629/home/13994844,MRED,11492690,N,Y,41.7768758,-87.7395286
MLS Listing,,Condo/Co-op,802 W George St #2,Chicago,IL,60657,290000,2,1.0,Gaslight Village,900,,1908,52,322,471,Active,,,https://www.redfin.com/IL/Chicago/802-W-George-St-60657/unit-2/home/13363030,MRED,11489624,N,Y,41.934637,-87.6492741
MLS Listing,,Condo/Co-op,226 N Clinton St #225,Chicago,IL,60661,299900,1,1.0,CHI - Near West Side,760,,1996,52,395,408,Active,,,https://www.redfin.com/IL/Chicago/226-N-Clinton-St-60661/unit-225/home/12787630,MRED,11492235,N,Y,41.8862901,-87.6417042
MLS Listing,,Condo/Co-op,1449 N Ashland Ave Unit 2R,Chicago,IL,60622,249900,2,1.0,CHI - West Town,800,,,55,312,188,Active,,,https://www.redfin.com/IL/Chicago/1449-N-Ashland-Ave-60622/unit-2R/home/18928359,MRED,11490230,N,Y,41.9084309,-87.6673119
MLS Listing,,Condo/Co-op,235 W Van Buren St #2313,Chicago,IL,60607,320000,2,1.0,CHI - Loop,,,2015,55,,396,Active,,,https://www.redfin.com/IL/Chicago/235-W-Van-Buren-St-60607/unit-2313/home/113099120,MRED,11490207,N,Y,41.8765303,-87.6347529
MLS Listing,,Condo/Co-op,1449 W Walton St #3,Chicago,IL,60642,424900,2,2.0,CHI - West Town,1200,,1997,55,354,166,Active,,,https://www.redfin.com/IL/Chicago/1449-W-Walton-St-60642/unit-3/home/12740919,MRED,11490123,N,Y,41.8986734,-87.6643888
MLS Listing,,Condo/Co-op,1250 S Michigan Ave #1101,Chicago,IL,60605,410500,2,2.0,CHI - Near South Side,1298,,2005,56,316,746,Active,,,https://www.redfin.com/IL/Chicago/1250-S-Michigan-Ave-60605/unit-1101/home/18946568,MRED,11486395,N,Y,41.8659823,-87.6243183
MLS Listing,,Single Family Residential,6259 W Lawrence Ave,Chicago,IL,60630,419999,4,3.0,CHI - Portage Park,2452,,1956,56,171,,Active,,,https://www.redfin.com/IL/Chicago/6259-W-Lawrence-Ave-60630/home/13476425,MRED,11482662,N,Y,41.9672709,-87.784269
MLS Listing,,Condo/Co-op,401 E Ontario St #4204,Chicago,IL,60611,234000,1,1.0,CHI - Near North Side,775,,1990,56,302,680,Active,,,https://www.redfin.com/IL/Chicago/401-E-Ontario-St-60611/unit-4204/home/12765469,MRED,11489174,N,Y,41.893211,-87.616401
MLS Listing,,Single Family Residential,8524 S Seeley Ave,Chicago,IL,60620,235000,3,1.0,CHI - Auburn Gresham,900,,1947,56,261,,Active,,,https://www.redfin.com/IL/Chicago/8524-S-Seeley-Ave-60620/home/13907669,MRED,11488201,N,Y,41.7384943,-87.6743134
MLS Listing,,Condo/Co-op,4334 N Clarendon Ave #207,Chicago,IL,60613,196000,1,1.0,Boardwalk,,,1960,57,,345,Active,,,https://www.redfin.com/IL/Chicago/4334-N-Clarendon-Ave-60613/unit-207/home/13394266,MRED,11488014,N,Y,41.9613072,-87.6503276
MLS Listing,,Condo/Co-op,195 N Harbor Dr #4001,Chicago,IL,60601,470000,2,2.0,CHI - Loop,1221,,1996,58,385,1100,Active,,,https://www.redfin.com/IL/Chicago/195-N-Harbor-Dr-60601/unit-4001/home/14093402,MRED,11478402,N,Y,41.8856057,-87.6155531
MLS Listing,,Single Family Residential,949 N Karlov Ave,Chicago,IL,60651,270000,3,2.0,CHI - Humboldt Park,,,1913,59,,,Active,,,https://www.redfin.com/IL/Chicago/949-N-Karlov-Ave-60651/home/13282850,MRED,11486576,N,Y,41.8985931,-87.7283627
MLS Listing,,Multi-Family (2-4 Unit),3537 W Jackson Blvd,Chicago,IL,60624,525000,8,3.0,CHI - East Garfield Park,,3484,1901,63,,,Active,,,https://www.redfin.com/IL/Chicago/3537-W-Jackson-Blvd-60624/home/13256778,MRED,11474746,N,Y,41.8770057,-87.7150502
MLS Listing,,Multi-Family (2-4 Unit),2318 N Sacramento Ave,Chicago,IL,60647,1175000,7,6.0,CHI - Logan Square,,4356,1925,63,,,Active,,,https://www.redfin.com/IL/Chicago/2318-N-Sacramento-Ave-60647/home/13418463,MRED,11480377,N,Y,41.9238893,-87.7026549
MLS Listing,,Condo/Co-op,340 W Diversey Pkwy #1120,Chicago,IL,60657,360000,3,2.0,Commonwealth Plaza,1400,,1957,65,257,1270,Active,,,https://www.redfin.com/IL/Chicago/340-W-Diversey-Pkwy-60657/unit-1120/home/13369741,MRED,11444921,N,Y,41.9334139,-87.6389044
MLS Listing,,Single Family Residential,3613 W 64th Pl,Chicago,IL,60629,279900,3,1.5,CHI - West Lawn,1640,,1913,65,171,,Active,,,https://www.redfin.com/IL/Chicago/3613-W-64th-Pl-60629/home/13990916,MRED,11481355,N,Y,41.7758451,-87.7135863
MLS Listing,,Single Family Residential,8840 S Mozart Ave,Evergreen Park,IL,60805,264900,2,1.0,Evergreen Park,629,,1938,65,421,,Active,,,https://www.redfin.com/IL/Evergreen-Park/8840-S-Mozart-Ave-60805/home/13187947,MRED,11476857,N,Y,41.7322865,-87.6937712
MLS Listing,,Multi-Family (2-4 Unit),9024 S Houston Ave,Chicago,IL,60617,145000,5,3.0,CHI - South Chicago,,,1890,69,,,Active,,,https://www.redfin.com/IL/Chicago/9024-S-Houston-Ave-60617/home/13042455,MRED,11468295,N,Y,41.7311427,-87.550156
MLS Listing,,Single Family Residential,3358 S Leavitt St,Chicago,IL,60608,495000,3,2.0,CHI - McKinley Park,1232,,1890,69,402,,Active,,,https://www.redfin.com/IL/Chicago/3358-S-Leavitt-St-60608/home/14078135,MRED,11477836,N,Y,41.8322624,-87.6804749
MLS Listing,,Condo/Co-op,65 E Monroe St #4312,Chicago,IL,60603,509000,2,2.0,CHI - Loop,1280,,2008,72,398,905,Active,,,https://www.redfin.com/IL/Chicago/65-E-Monroe-St-60603/unit-4312/home/39567215,MRED,11474948,N,Y,41.8806386,-87.6255308
MLS Listing,,Condo/Co-op,1525 S Sangamon St Unit 805-P,Chicago,IL,60608,519000,2,2.0,University Village,1600,,2001,83,324,870,Active,,,https://www.redfin.com/IL/Chicago/1525-S-Sangamon-St-60608/unit-805-P/home/12573413,MRED,11370278,N,Y,41.8607427,-87.6494388
MLS Listing,,Condo/Co-op,7231 N Damen Ave #2,Chicago,IL,60645,134999,2,1.0,CHI - Rogers Park,745,,1920,84,181,283,Active,,,https://www.redfin.com/IL/Chicago/7231-N-Damen-Ave-60645/unit-2/home/12636715,MRED,11454288,N,Y,42.0135143,-87.6799776
MLS Listing,,Multi-Family (2-4 Unit),8601 S Essex Ave,Chicago,IL,60617,245000,10,3.0,CHI - South Chicago,,3920,1920,61,,,Active,,,https://www.redfin.com/IL/Chicago/8601-S-Essex-Ave-60617/home/13212418,MRED,11458294,N,Y,41.7389239,-87.5633195
MLS Listing,,Single Family Residential,7224 N Hamilton Ave,Chicago,IL,60645,869000,6,3.5,CHI - West Ridge,4459,4356,2001,91,195,,Active,,,https://www.redfin.com/IL/Chicago/7224-N-Hamilton-Ave-60645/home/13572907,MRED,11454557,N,Y,42.0129909,-87.6854012
MLS Listing,,Condo/Co-op,118 E Erie St Unit 37H,Chicago,IL,60611,2800000,3,3.5,CHI - Near North Side,3661,,2014,91,765,6579,Active,,,https://www.redfin.com/IL/Chicago/118-E-Erie-St-60611/unit-37H/home/113099537,MRED,11444036,N,Y,41.8942887,-87.6246388
MLS Listing,,Condo/Co-op,5036 W Pensacola Ave #302,Chicago,IL,60641,299000,2,2.0,CHI - Portage Park,1357,,2007,91,220,360,Active,,,https://www.redfin.com/IL/Chicago/5036-W-Pensacola-Ave-60641/unit-302/home/12609147,MRED,11448220,N,Y,41.9599164,-87.7534847
MLS Listing,,Condo/Co-op,1464 S Michigan Ave #301,Chicago,IL,60605,538000,3,2.0,CHI - Near South Side,1387,,2008,91,388,711,Active,,,https://www.redfin.com/IL/Chicago/1464-S-Michigan-Ave-60605/unit-301/home/39570940,MRED,11368741,N,Y,41.8622613,-87.624234
MLS Listing,,Condo/Co-op,945 N Honore St #1,Chicago,IL,60622,779399,3,2.5,CHI - West Town,2700,,2002,98,289,227,Active,,,https://www.redfin.com/IL/Chicago/945-N-Honore-St-60622/unit-1/home/12707114,MRED,11444781,N,Y,41.8990937,-87.6731731
MLS Listing,,Condo/Co-op,5019 River Rd Unit 1W,Schiller Park,IL,60176,169900,2,1.0,Schiller Park,850,,1968,99,200,200,Active,,,https://www.redfin.com/IL/Schiller-Park/5019-River-Rd-60176/unit-1W/home/12609923,MRED,11447884,N,Y,41.9699422,-87.8610753
MLS Listing,,Single Family Residential,10527 S Oakley Ave,Chicago,IL,60643,375900,3,1.5,CHI - Beverly,2198,6141,1933,107,171,,Active,October-8-2022 01:00 PM,October-8-2022 03:00 PM,https://www.redfin.com/IL/Chicago/10527-S-Oakley-Ave-60643/home/13072626,MRED,11441539,N,Y,41.7019484,-87.6787972
MLS Listing,,Single Family Residential,2104 N Cleveland Ave,Chicago,IL,60614,2800000,5,4.0,CHI - Lincoln Park,4709,3484,1977,112,595,,Active,,,https://www.redfin.com/IL/Chicago/2104-N-Cleveland-Ave-60614/home/13349768,MRED,11282179,N,Y,41.9204665,-87.641556
MLS Listing,,Multi-Family (2-4 Unit),1145 W 17th St,Chicago,IL,60608,299999,5,2.0,CHI - Lower West Side,,2613,1885,118,,,Active,,,https://www.redfin.com/IL/Chicago/1145-W-17th-St-60608/home/14085909,MRED,11422536,N,Y,41.8587114,-87.655195
MLS Listing,,Condo/Co-op,1510 N Greenview Ave Unit 2F,Chicago,IL,60642,228000,1,1.0,CHI - West Town,700,,2004,119,326,116,Active,,,https://www.redfin.com/IL/Chicago/1510-N-Greenview-Ave-60642/unit-2F/home/18928361,MRED,11428224,N,Y,41.9092364,-87.6654537
MLS Listing,,Single Family Residential,12027 Ann St,Blue Island,IL,60406,209900,5,2.0,Blue Island,1596,3179,1955,89,132,,Active,,,https://www.redfin.com/IL/Blue-Island/12027-Ann-St-60406/home/13131851,MRED,11392843,N,Y,41.6746004,-87.6839842
MLS Listing,,Single Family Residential,3306 W Pierce Ave,Chicago,IL,60651,640000,2,1.5,CHI - Humboldt Park,1825,5309,1950,115,351,,Active,,,https://www.redfin.com/IL/Chicago/3306-W-Pierce-Ave-60651/home/13285637,MRED,11301211,N,Y,41.9093488,-87.709853
Redfin Data,,Condo/Co-op,106 S Sangamon St Unit 1S,Chicago,IL,60607,1150000,4,3.0,Chicago,2750,,2008,1,418,345,Pre On-Market,,,https://www.redfin.com/IL/Chicago/106-S-Sangamon-St-60607/unit-1S/home/28618395,Coming Soon,89673,N,Y,41.8801022,-87.6511177
Redfin Data,,Single Family Residential,6715 N Hiawatha Ave,Chicago,IL,60646,475000,3,1.5,Chicago,1446,5160,1938,1,328,,Pre On-Market,,,https://www.redfin.com/IL/Chicago/6715-N-Hiawatha-Ave-60646/home/13592562,Coming Soon,89548,N,Y,42.002963,-87.769029
Redfin Data,,Multi-Family (2-4 Unit),2259 N Laporte Ave,Chicago,IL,60639,529999,6,3.0,Chicago,2704,6250,1925,1,196,,Pre On-Market,,,https://www.redfin.com/IL/Chicago/2259-N-Laporte-Ave-60639/home/13425756,Coming Soon,89651,N,Y,41.9222638,-87.74963
Redfin Data,,Condo/Co-op,8625 W Foster Ave Unit 2B,Chicago,IL,60656,179999,2,1.5,Chicago,800,,1975,1,225,250,Pre On-Market,,,https://www.redfin.com/IL/Chicago/8625-W-Foster-Ave-60656/unit-2B/home/12718966,Coming Soon,89649,N,Y,41.9726917,-87.8421654
Redfin Data,,Multi-Family (2-4 Unit),9035 S Exchange Ave,Chicago,IL,60617,375000,11,3.0,Chicago,,3475,1891,8,,,Pre On-Market,,,https://www.redfin.com/IL/Chicago/9035-S-Exchange-Ave-60617/home/13043013,Coming Soon,89519,N,Y,41.7308416,-87.5524544
Redfin Data,,Townhouse,3759 S Morgan St Unit C,Chicago,IL,60609,500000,4,2.5,Chicago,2700,,2016,9,185,275,Pre On-Market,,,https://www.redfin.com/IL/Chicago/3759-S-Morgan-St-60609/unit-C/home/144510515,Coming Soon,89511,N,Y,41.825915,-87.6500589
Redfin Data,,Condo/Co-op,"1908 W Irving Park Rd., #404",Chicago,IL,60613,649000,3,2.0,Chicago,1600,,2003,27,406,310,Pre On-Market,,,https://www.redfin.com/IL/Chicago/1908-W-Irving-Park-Rd-60613/unit-404/home/12663755,Coming Soon,89171,N,Y,41.954482,-87.676816
Redfin Data,,Condo/Co-op,3950 N Lake Shore Dr #718,Chicago,IL,60613,140000,1,1.0,Chicago,850,,,64,165,685,Pre On-Market,,,https://www.redfin.com/IL/Chicago/3950-N-Lake-Shore-Dr-60613/unit-718/home/13380743,Coming Soon,88294,N,Y,41.954247,-87.6458578
MLS Listing,,Condo/Co-op,201 N Westshore Dr #1408,Chicago,IL,60601,545000,2,2.5,Lancaster,1295,,2005,1,421,759,Active,,,https://www.redfin.com/IL/Chicago/201-N-Westshore-Dr-60601/unit-1408/home/12647035,MRED,11646994,N,Y,41.8864156,-87.6160537
MLS Listing,,Condo/Co-op,1350 W Fullerton Ave #518,Chicago,IL,60614,475000,2,2.0,CHI - Lincoln Park,,,1998,1,,689,Active,October-8-2022 11:00 AM,October-8-2022 01:00 PM,https://www.redfin.com/IL/Chicago/1350-W-Fullerton-Ave-60614/unit-518/home/12771401,MRED,11646989,N,Y,41.9254567,-87.6621903
MLS Listing,,Single Family Residential,2227 N 73rd Ave,Elmwood Park,IL,60707,384900,3,2.0,Elmwood Park,1704,4164,1924,1,226,,Active,,,https://www.redfin.com/IL/Elmwood-Park/2227-73rd-Ave-60707/home/13522819,MRED,11646997,N,Y,41.9208769,-87.8083524
MLS Listing,,Single Family Residential,6114 N Legett Ave,Chicago,IL,60646,599900,3,1.5,CHI - Forest Glen,2683,4373,1944,1,224,,Active,October-9-2022 12:00 PM,October-9-2022 03:00 PM,https://www.redfin.com/IL/Chicago/6114-N-Legett-Ave-60646/home/13512654,MRED,11643158,N,Y,41.992514,-87.7550839
MLS Listing,,Condo/Co-op,1400 S Michigan Ave #2404,Chicago,IL,60605,449000,2,2.0,CHI - Near South Side,1260,,2008,1,356,702,Active,,,https://www.redfin.com/IL/Chicago/1400-S-Michigan-Ave-60605/unit-2404/home/52640163,MRED,11646961,N,Y,41.863874,-87.62446
MLS Listing,,Single Family Residential,2248 120th Pl,Blue Island,IL,60406,150000,3,1.5,Blue Island,792,4403,1944,1,189,,Active,,,https://www.redfin.com/IL/Blue-Island/2248-120th-Pl-60406/home/13051791,MRED,11646957,N,Y,41.6747406,-87.6775904
MLS Listing,,Multi-Family (2-4 Unit),1638 N Troy St,Chicago,IL,60647,699000,6,3.0,CHI - Humboldt Park,,,1890,1,,,Active,,,https://www.redfin.com/IL/Chicago/1638-N-Troy-St-60647/home/179475010,MRED,11646959,N,Y,41.9113042,-87.7059664
MLS Listing,,Multi-Family (2-4 Unit),3612 S Halsted St,Chicago,IL,60609,396000,6,3.0,CHI - Bridgeport,,3484,1885,1,,,Active,,,https://www.redfin.com/IL/Chicago/3612-S-Halsted-St-60609/home/14073356,MRED,11646947,N,Y,41.8282638,-87.646301
MLS Listing,,Condo/Co-op,525 W Hawthorne Pl #1102,Chicago,IL,60657,259000,2,1.0,CHI - Lake View,,,1969,1,,675,Active,,,https://www.redfin.com/IL/Chicago/525-W-Hawthorne-Pl-60657/unit-1102/home/12698296,MRED,11629352,N,Y,41.9442213,-87.642196
MLS Listing,,Townhouse,2825 N Wolcott Ave Unit B,Chicago,IL,60657,465000,2,2.0,CHI - North Center,,,,1,,480,Active,October-8-2022 01:00 PM,October-8-2022 03:00 PM,https://www.redfin.com/IL/Chicago/2825-N-Wolcott-Ave-60657/unit-B/home/13358314,MRED,11633177,N,Y,41.9328954,-87.6741516
MLS Listing,,Single Family Residential,3655 W 69th St,Chicago,IL,60629,329000,6,3.0,CHI - West Lawn,2200,4517,1953,1,150,,Active,,,https://www.redfin.com/IL/Chicago/3655-W-69th-St-60629/home/13989825,MRED,11646939,N,Y,41.7667325,-87.7149153
MLS Listing,,Multi-Family (2-4 Unit),2024 W Coulter St,Chicago,IL,60608,299900,3,1.0,CHI - Lower West Side,,2178,1925,1,,,Active,October-8-2022 12:00 PM,October-8-2022 02:00 PM,https://www.redfin.com/IL/Chicago/2024-W-Coulter-St-60608/home/14078594,MRED,11646934,N,Y,41.849315,-87.676806
MLS Listing,,Condo/Co-op,3600 N Lake Shore Dr #1506,Chicago,IL,60613,279900,1,1.0,CHI - Lake View,,,1960,1,,622,Active,,,https://www.redfin.com/IL/Chicago/3600-N-Lake-Shore-Dr-60613/unit-1506/home/13376951,MRED,11646935,N,Y,41.9489369,-87.6441842
MLS Listing,,Single Family Residential,3424 W Fulton St,Chicago,IL,60624,200000,4,2.0,CHI - East Garfield Park,4455,4456,,1,45,,Active,,,https://www.redfin.com/IL/Chicago/3424-W-Fulton-Blvd-60624/home/13260634,MRED,11646936,N,Y,41.8866069,-87.7122393
MLS Listing,,Single Family Residential,6912 W Foster Ave,Chicago,IL,60656,388900,3,2.0,Union Ridge,1148,,1957,1,339,,Active,,,https://www.redfin.com/IL/Chicago/6912-W-Foster-Ave-60656/home/13507062,MRED,11646930,N,Y,41.9757457,-87.8003283
MLS Listing,,Condo/Co-op,2117 Howard St Unit 2C,Evanston,IL,60202,107000,1,1.0,Evanston,600,,1958,1,178,,Active,,,https://www.redfin.com/IL/Evanston/2117-Howard-St-60202/unit-2C/home/13604235,MRED,11646927,N,Y,42.0173976,-87.6969601
MLS Listing,,Condo/Co-op,2724 N Wayne Ave #2,Chicago,IL,60614,715000,2,2.0,CHI - Lincoln Park,,,2022,1,,175,Active,October-8-2022 10:00 AM,October-8-2022 12:00 PM,https://www.redfin.com/IL/Chicago/2724-N-Wayne-Ave-60614/unit-2/home/179797198,MRED,11646925,N,Y,41.9314884,-87.6625634
MLS Listing,,Single Family Residential,605 Lyman Ave,Oak Park,IL,60304,828500,4,3.0,Oak Park,2200,5000,1908,1,377,,Active,October-8-2022 11:00 AM,October-8-2022 02:00 PM,https://www.redfin.com/IL/Oak-Park/605-Lyman-Ave-60304/home/13253326,MRED,11646921,N,Y,41.877917,-87.7773133
MLS Listing,,Condo/Co-op,720 N Larrabee St #1705,Chicago,IL,60654,299000,1,1.0,Two River Place,816,,2002,1,366,616,Active,,,https://www.redfin.com/IL/Chicago/720-N-Larrabee-St-60654/unit-1705/home/12662918,MRED,11646922,N,Y,41.8952763,-87.6433527
MLS Listing,,Condo/Co-op,3150 N Lake Shore Dr Unit 26A,Chicago,IL,60657,799900,3,2.5,CHI - Lake View,2200,,1963,1,364,1309,Active,,,https://www.redfin.com/IL/Chicago/3150-N-Lake-Shore-Dr-60657/unit-26A/home/13372557,MRED,11646924,N,Y,41.9389609,-87.6388805
MLS Listing,,Condo/Co-op,2800 N Lake Shore Dr Unit 3707-09,Chicago,IL,60657,1000000,4,3.0,CHI - Lake View,2600,,1969,1,385,2105,Active,,,https://www.redfin.com/IL/Chicago/2800-N-Lake-Shore-Dr-60657/unit-3707-09/home/182165730,MRED,11646906,N,Y,41.9331592,-87.6370903
MLS Listing,,Single Family Residential,11148 S Eggleston Ave,Chicago,IL,60628,169900,4,2.0,CHI - Roseland,858,3811,1920,1,198,,Active,October-8-2022 12:00 PM,October-8-2022 02:00 PM,https://www.redfin.com/IL/Chicago/11148-S-Eggleston-Ave-60628/home/13064649,MRED,11646915,N,Y,41.6910158,-87.6341571
MLS Listing,,Single Family Residential,6044 W Waveland Ave,Chicago,IL,60634,520000,6,2.5,CHI - Dunning,1400,4125,1925,1,371,,Active,,,https://www.redfin.com/IL/Chicago/6044-W-Waveland-Ave-60634/home/13466267,MRED,11646911,N,Y,41.9477991,-87.778351
MLS Listing,,Single Family Residential,1922 N Oakley Ave,Chicago,IL,60647,1000000,3,3.5,CHI - Logan Square,2163,2400,1892,1,462,,Active,October-9-2022 12:00 PM,October-9-2022 02:00 PM,https://www.redfin.com/IL/Chicago/1922-N-Oakley-Ave-60647/home/13355778,MRED,11646901,N,Y,41.916876,-87.6851746
MLS Listing,,Single Family Residential,1234 N Marion Ct,Chicago,IL,60622,2099000,4,3.5,CHI - West Town,3500,3354,2016,1,600,,Active,,,https://www.redfin.com/IL/Chicago/1234-N-Marion-Ct-60622/home/14108534,MRED,11639610,N,Y,41.904292,-87.6740822
MLS Listing,,Condo/Co-op,2024 W Le Moyne St Unit 1E,Chicago,IL,60622,1245000,4,3.5,CHI - West Town,,,2018,1,,296,Active,,,https://www.redfin.com/IL/Chicago/2024-W-Le-Moyne-St-60622/unit-1E/home/171315916,MRED,11646887,N,Y,41.9084676,-87.6784155
MLS Listing,,Single Family Residential,9644 S Prairie Ave,Chicago,IL,60628,299900,4,2.0,Rosemoor,1342,,1943,1,223,,Active,October-9-2022 01:00 PM,October-9-2022 03:00 PM,https://www.redfin.com/IL/Chicago/9644-S-Prairie-Ave-60628/home/13089211,MRED,11646889,N,Y,41.7187207,-87.6179244
MLS Listing,,Single Family Residential,2111 W Birchwood Ave,Chicago,IL,60645,595900,5,5.0,CHI - Rogers Park,3116,3118,1918,1,191,,Active,,,https://www.redfin.com/IL/Chicago/2111-W-Birchwood-Ave-60645/home/13573397,MRED,11646876,N,Y,42.0177221,-87.6834935
MLS Listing,,Condo/Co-op,4343 N Clarendon Ave #618,Chicago,IL,60613,119900,0,1.0,CHI - Uptown,,,1974,1,,427,Active,October-8-2022 10:00 AM,October-8-2022 12:00 PM,https://www.redfin.com/IL/Chicago/4343-N-Clarendon-Ave-60613/unit-618/home/13397823,MRED,11646871,N,Y,41.9612878,-87.6494037
MLS Listing,,Condo/Co-op,5911 N Paulina St Unit 3E,Chicago,IL,60660,239000,2,1.0,CHI - Edgewater,850,,1920,1,281,291,Active,,,https://www.redfin.com/IL/Chicago/5911-N-Paulina-St-60660/unit-3E/home/18922166,MRED,11646872,N,Y,41.9887738,-87.6713913
MLS Listing,,Single Family Residential,9842 S Millard Ave,Evergreen Park,IL,60805,359000,3,2.0,Evergreen Park,1313,6198,1950,1,273,,Active,,,https://www.redfin.com/IL/Evergreen-Park/9842-S-Millard-Ave-60805/home/13165258,MRED,11646863,N,Y,41.7139554,-87.7128936
MLS Listing,,Condo/Co-op,858 W Aldine Ave #2,Chicago,IL,60657,599900,2,2.0,CHI - Lake View,1400,,2017,1,429,160,Active,,,https://www.redfin.com/IL/Chicago/858-W-Aldine-Ave-60657/unit-2/home/171312847,MRED,11646858,N,Y,41.9419892,-87.6515814
MLS Listing,,Condo/Co-op,7320 N Rogers Ave #313,Chicago,IL,60626,149900,1,1.0,CHI - Rogers Park,750,,1970,1,200,346,Active,,,https://www.redfin.com/IL/Chicago/7320-N-Rogers-Ave-60626/unit-313/home/13572496,MRED,11646855,N,Y,42.0141259,-87.6795077
MLS Listing,,Vacant Land,4045 N Sacramento Ave,Chicago,IL,60618,600000,,,CHI - Irving Park,,6098,,1,,,Active,,,https://www.redfin.com/IL/Chicago/4045-N-Sacramento-Ave-60618/home/13487483,MRED,11646856,N,Y,41.9553404,-87.7028859
MLS Listing,,Condo/Co-op,300 N State St #4501,Chicago,IL,60654,172500,0,1.0,CHI - Near North Side,500,,1962,1,345,475,Active,,,https://www.redfin.com/IL/Chicago/300-N-State-St-60654/unit-4501/home/14100565,MRED,11646857,N,Y,41.8882994,-87.6282774
MLS Listing,,Single Family Residential,3401 N Normandy Ave,Chicago,IL,60634,369000,3,2.0,CHI - Dunning,,,1943,1,,,Active,,,https://www.redfin.com/IL/Chicago/3401-N-Normandy-Ave-60634/home/13468070,MRED,11646851,N,Y,41.942003,-87.7931062
MLS Listing,,Vacant Land,7521 S Drexel Ave,Chicago,IL,60619,9000,,,CHI - Greater Grand Crossing,,3049,,1,,,Active,,,https://www.redfin.com/IL/Chicago/7521-S-Drexel-Ave-60619/home/21874665,MRED,11646844,N,Y,41.7579547,-87.6025924
MLS Listing,,Condo/Co-op,321 S Sangamon St #601,Chicago,IL,60607,489500,2,2.0,CHI - Near West Side,,,2004,1,,548,Active,October-8-2022 11:00 AM,October-8-2022 01:00 PM,https://www.redfin.com/IL/Chicago/321-S-Sangamon-St-60607/unit-601/home/12645810,MRED,11633902,N,Y,41.87701,-87.6504844
MLS Listing,,Condo/Co-op,1227 N Paulina St Unit 2N,Chicago,IL,60622,555000,2,2.0,CHI - West Town,1650,,2004,1,336,210,Active,October-8-2022 11:00 AM,October-8-2022 01:00 PM,https://www.redfin.com/IL/Chicago/1227-N-Paulina-St-60622/unit-2N/home/12634294,MRED,11646847,N,Y,41.904111,-87.670092
MLS Listing,,Condo/Co-op,1325 W Birchwood Ave Unit 3D,Chicago,IL,60626,165000,2,1.0,CHI - Rogers Park,1000,,1967,1,165,265,Active,,,https://www.redfin.com/IL/Chicago/1325-W-Birchwood-Ave-60626/unit-3D/home/13575516,MRED,11646837,N,Y,42.0179244,-87.6643643
MLS Listing,,Single Family Residential,1720 N Maplewood Ave,Chicago,IL,60647,975000,4,3.5,CHI - West Town,3600,,2004,1,271,,Active,October-8-2022 12:00 PM,October-8-2022 02:00 PM,https://www.redfin.com/IL/Chicago/1720-N-Maplewood-Ave-60647/home/13416483,MRED,11646830,N,Y,41.9127749,-87.6912588
MLS Listing,,Single Family Residential,1243 W 71st St,Chicago,IL,60636,210000,5,3.0,CHI - West Englewood,1284,,1908,1,164,,Active,October-8-2022 11:00 AM,October-8-2022 03:00 PM,https://www.redfin.com/IL/Chicago/1243-W-71st-St-60636/home/13915207,MRED,11646819,N,Y,41.7648569,-87.6558588
MLS Listing,,Condo/Co-op,235 W Van Buren St #2310,Chicago,IL,60607,259950,1,1.0,CHI - Loop,810,,2009,1,321,405,Active,,,https://www.redfin.com/IL/Chicago/235-W-Van-Buren-St-60607/unit-2310/home/113099767,MRED,11646816,N,Y,41.8765303,-87.6347529
MLS Listing,,Condo/Co-op,910 N Lake Shore Dr #818,Chicago,IL,60611,385000,2,2.0,CHI - Near North Side,1042,,1955,1,369,896,Active,October-8-2022 02:00 PM,October-8-2022 04:00 PM,https://www.redfin.com/IL/Chicago/910-N-Lake-Shore-Dr-60611/unit-818/home/14120057,MRED,11646808,N,Y,41.8997029,-87.6201732
MLS Listing,,Multi-Family (2-4 Unit),2933 W Lexington St,Chicago,IL,60612,269900,7,3.0,CHI - East Garfield Park,,3049,1903,1,,,Active,,,https://www.redfin.com/IL/Chicago/2933-W-Lexington-St-60612/home/181742026,MRED,11646804,N,Y,41.8717453,-87.6998757
MLS Listing,,Condo/Co-op,1353 W Greenleaf Ave Unit 3F,Chicago,IL,60626,127900,1,1.0,CHI - Rogers Park,750,,1922,1,171,230,Active,October-9-2022 01:00 PM,October-9-2022 03:00 PM,https://www.redfin.com/IL/Chicago/1353-W-Greenleaf-Ave-60626/unit-3F/home/13568581,MRED,11646802,N,Y,42.0100021,-87.6645198
MLS Listing,,Vacant Land,333-335 W Garfield Blvd,Chicago,IL,60621,119900,,,CHI - Englewood,,,,1,,,Active,,,https://www.redfin.com/IL/Chicago/333-W-Garfield-Blvd-60621/home/13942398,MRED,11646799,N,Y,41.793889,-87.6343179
MLS Listing,,Condo/Co-op,1325 N State Pkwy Unit 18D,Chicago,IL,60610,349000,1,1.0,CHI - Near North Side,950,,1963,1,367,,Active,,,https://www.redfin.com/IL/Chicago/1325-N-State-Pkwy-60610/unit-18D/home/14125290,MRED,11646789,N,Y,41.9064765,-87.6282768
MLS Listing,,Single Family Residential,11934 S La Salle St,Chicago,IL,60628,224900,3,3.5,CHI - West Pullman,1800,3841,2009,1,125,,Active,,,https://www.redfin.com/IL/Chicago/11934-S-La-Salle-St-60628/home/26833220,MRED,11646780,N,Y,41.676896,-87.6265226
MLS Listing,,Condo/Co-op,1530 S State St #628,Chicago,IL,60605,360400,1,2.0,CHI - Near South Side,1122,,2001,1,321,644,Active,,,https://www.redfin.com/IL/Chicago/1530-S-State-St-60605/unit-628/home/12667278,MRED,11646781,N,Y,41.8612054,-87.6284311
MLS Listing,,Condo/Co-op,1030 N State St Unit 11G,Chicago,IL,60610,279900,0,1.0,CHI - Near North Side,,,1970,1,,409,Active,,,https://www.redfin.com/IL/Chicago/1030-N-State-St-60610/unit-11G/home/14110460,MRED,11646778,N,Y,41.9015297,-87.6286369
MLS Listing,,Condo/Co-op,4434 N Racine Ave Unit 3N,Chicago,IL,60640,450000,3,2.5,CHI - Uptown,1800,,,1,250,356,Active,October-8-2022 11:00 AM,October-8-2022 01:00 PM,https://www.redfin.com/IL/Chicago/4434-N-Racine-Ave-60640/unit-3N/home/182164437,MRED,11646771,N,Y,41.9627779,-87.659847
MLS Listing,,Condo/Co-op,2019 N Leavitt St #3,Chicago,IL,60647,289800,2,1.0,CHI - Logan Square,,,1913,1,,237,Active,October-8-2022 12:00 PM,October-8-2022 02:00 PM,https://www.redfin.com/IL/Chicago/2019-N-Leavitt-St-60647/unit-3/home/12699624,MRED,11646763,N,Y,41.9182299,-87.6822074
MLS Listing,,Single Family Residential,1614 W Huron St,Chicago,IL,60622,1550000,4,3.5,CHI - West Town,4300,,2009,1,360,,Active,October-8-2022 11:00 AM,October-8-2022 01:00 PM,https://www.redfin.com/IL/Chicago/1614-W-Huron-St-60622/home/26830946,MRED,11646764,N,Y,41.8944413,-87.6679957
MLS Listing,,Multi-Family (2-4 Unit),2738 S Princeton Ave,Chicago,IL,60616,775000,9,4.0,CHI - Armour Square,,,,1,,,Active,,,https://www.redfin.com/IL/Chicago/2738-S-Princeton-Ave-60616/home/14081051,MRED,11646757,N,Y,41.8429233,-87.6345824
MLS Listing,,Condo/Co-op,1403 W Rascher Ave Unit G,Chicago,IL,60640,269900,2,2.0,CHI - Edgewater,1100,,1910,1,245,205,Active,,,https://www.redfin.com/IL/Chicago/1403-W-Rascher-Ave-60640/unit-G/home/12652837,MRED,11646750,N,Y,41.9806391,-87.6652292
MLS Listing,,Townhouse,7740 S Lowe Ave,Chicago,IL,60620,99900,3,1.5,CHI - Auburn Gresham,1810,,1885,1,55,,Active,,,https://www.redfin.com/IL/Chicago/7740-S-Lowe-Ave-60620/home/13916652,MRED,11646749,N,Y,41.7531751,-87.6407726
MLS Listing,,Multi-Family (2-4 Unit),8114 S Ellis Ave,Chicago,IL,60619,349900,6,3.0,CHI - Chatham,,,1932,1,,,Active,,,https://www.redfin.com/IL/Chicago/8114-S-Ellis-Ave-60619/home/13224622,MRED,11646752,N,Y,41.7471051,-87.6005109
MLS Listing,,Single Family Residential,4104 N Mason Ave,Chicago,IL,60634,399900,7,3.0,CHI - Portage Park,1360,3750,,1,294,,Active,,,https://www.redfin.com/IL/Chicago/4104-N-Mason-Ave-60634/home/13473479,MRED,11646737,N,Y,41.9551087,-87.7758922
MLS Listing,,Single Family Residential,8551 S Carpenter St,Chicago,IL,60620,319900,5,2.0,CHI - Auburn Gresham,3200,3123,1926,1,100,,Active,,,https://www.redfin.com/IL/Chicago/8551-S-Carpenter-St-60620/home/13227926,MRED,11646734,N,Y,41.7381465,-87.6495
MLS Listing,,Condo/Co-op,360 W Illinois St #605,Chicago,IL,60654,550000,2,2.0,CHI - Near North Side,,,1919,1,,912,Active,,,https://www.redfin.com/IL/Chicago/360-W-Illinois-St-60654/unit-605/home/12738926,MRED,11646730,N,Y,41.8908603,-87.6380723
MLS Listing,,Condo/Co-op,833 W 15th Pl #413,Chicago,IL,60608,230000,1,1.0,CHI - Near West Side,,,2003,1,,340,Active,,,https://www.redfin.com/IL/Chicago/833-W-15th-Pl-60608/unit-413/home/12619819,MRED,11646721,N,Y,41.860841,-87.6483171
MLS Listing,,Single Family Residential,8033 S Bennett Ave,Chicago,IL,60617,85000,3,2.0,CHI - South Chicago,,3750,1925,1,,,Active,,,https://www.redfin.com/IL/Chicago/8033-S-Bennett-Ave-60617/home/13220958,MRED,11646724,N,Y,41.7487671,-87.578104
MLS Listing,,Single Family Residential,2737 N Marshfield Ave,Chicago,IL,60614,1850000,6,5.5,CHI - Lincoln Park,5305,4687,2007,1,349,,Active,October-8-2022 12:00 PM,October-8-2022 02:00 PM,https://www.redfin.com/IL/Chicago/2737-N-Marshfield-Ave-60614/home/18954077,MRED,11646728,N,Y,41.9316746,-87.6692778
MLS Listing,,Vacant Land,8803 S Lowe Ave,Chicago,IL,60620,75000,,,CHI - Auburn Gresham,,3049,,1,,,Active,,,https://www.redfin.com/IL/Chicago/8803-S-Lowe-Ave-60620/home/13108016,MRED,11646709,N,Y,41.7341362,-87.6396711
MLS Listing,,Condo/Co-op,3533 N Fremont St #1,Chicago,IL,60657,1125000,4,2.5,CHI - Lake View,2400,,2022,1,469,290,Active,,,https://www.redfin.com/IL/Chicago/3533-N-Fremont-St-60657/unit-1/home/177578456,MRED,11646699,N,Y,41.9464421,-87.6515423
MLS Listing,,Condo/Co-op,3533 N Fremont St #3,Chicago,IL,60657,1225000,3,2.5,CHI - Lake View,2400,,2022,1,510,323,Active,,,https://www.redfin.com/IL/Chicago/3533-N-Fremont-St-60657/unit-3/home/177578462,MRED,11646690,N,Y,41.9464421,-87.6515423
MLS Listing,,Condo/Co-op,1758 W 35th St Unit 3R,Chicago,IL,60609,200000,3,2.0,CHI - McKinley Park,850,,1881,1,235,201,Active,,,https://www.redfin.com/IL/Chicago/1758-W-35th-St-60609/unit-3R/home/12635435,MRED,11646687,N,Y,41.8306505,-87.6702161
MLS Listing,,Condo/Co-op,1515 S Prairie Ave #1414,Chicago,IL,60605,449800,2,2.5,CHI - Near South Side,1500,,2003,1,300,856,Active,,,https://www.redfin.com/IL/Chicago/1515-S-Prairie-Ave-60605/unit-1414/home/12678609,MRED,11646693,N,Y,41.8617675,-87.6202181
MLS Listing,,Single Family Residential,6646 S Michigan Ave,Chicago,IL,60621,230000,4,2.0,CHI - Greater Grand Crossing,4166,,1918,1,55,,Active,,,https://www.redfin.com/IL/Chicago/6646-S-Michigan-Ave-60637/home/13930877,MRED,11646691,N,Y,41.7736244,-87.623015
MLS Listing,,Single Family Residential,8508 S Oglesby St,Chicago,IL,60617,324900,5,2.0,CHI - South Chicago,2800,3123,1921,1,116,,Active,,,https://www.redfin.com/IL/Chicago/8508-S-Oglesby-Ave-60617/home/13217634,MRED,11646696,N,Y,41.7405725,-87.5674638
MLS Listing,,Condo/Co-op,7336 N Winchester Ave Unit 2W,Chicago,IL,60626,144900,2,2.0,CHI - Rogers Park,654,,1949,1,222,263,Active,,,https://www.redfin.com/IL/Chicago/7336-N-Winchester-Ave-60626/unit-2W/home/113097363,MRED,11646682,N,Y,42.015224,-87.679403
MLS Listing,,Single Family Residential,9947 S Emerald Ave,Chicago,IL,60628,149900,2,2.0,CHI - Washington Heights,1026,,1929,1,146,,Active,,,https://www.redfin.com/IL/Chicago/9947-S-Emerald-Ave-60628/home/13092103,MRED,11646685,N,Y,41.7128826,-87.6415139
MLS Listing,,Single Family Residential,4837 N Nottingham Ave,Chicago,IL,60656,335000,3,2.0,Big Oaks,1025,,1958,1,327,,Active,October-9-2022 01:00 PM,October-9-2022 03:00 PM,https://www.redfin.com/IL/Chicago/4837-N-Nottingham-Ave-60656/home/13503657,MRED,11646680,N,Y,41.969418,-87.8034012
MLS Listing,,Condo/Co-op,4924 N Rockwell St Unit 1N,Chicago,IL,60625,339000,2,2.0,CHI - Lincoln Square,,,1920,1,,251,Active,October-9-2022 11:00 AM,October-9-2022 01:00 PM,https://www.redfin.com/IL/Chicago/4924-N-Rockwell-St-60625/unit-1N/home/26792808,MRED,11646678,N,Y,41.9714483,-87.6942309
MLS Listing,,Single Family Residential,7441 N Oconto Ave,Chicago,IL,60631,339900,2,1.0,CHI - Edison Park,907,3750,1956,1,375,,Active,,,https://www.redfin.com/IL/Chicago/7441-N-Oconto-Ave-60631/home/13651648,MRED,11646676,N,Y,42.0165425,-87.8074997
MLS Listing,,Vacant Land,4749 S Loomis Blvd,Chicago,IL,60609,25000,,,CHI - New City,,3049,,1,,,Active,,,https://www.redfin.com/IL/Chicago/4749-S-Loomis-Blvd-60609/home/13954697,MRED,11646668,N,Y,41.8072763,-87.6597512
MLS Listing,,Condo/Co-op,3150 N Lake Shore Dr Unit 30A,Chicago,IL,60657,749900,3,2.5,CHI - Lake View,2200,,1963,1,341,1431,Active,October-9-2022 09:00 AM,October-9-2022 11:00 AM,https://www.redfin.com/IL/Chicago/3150-N-Lake-Shore-Dr-60657/unit-30A/home/13371719,MRED,11644108,N,Y,41.9389609,-87.6388805
MLS Listing,,Single Family Residential,10225 S Carpenter St S,Chicago,IL,60643,194999,3,1.5,CHI - Washington Heights,1631,3615,1959,1,120,,Active,,,https://www.redfin.com/IL/Chicago/10225-S-Carpenter-St-60643/home/13094641,MRED,11646655,N,Y,41.7078796,-87.6486521
MLS Listing,,Condo/Co-op,1636 N Wells St #1914,Chicago,IL,60614,159900,0,1.0,CHI - Lincoln Park,,,1974,1,,461,Active,October-8-2022 10:00 AM,October-8-2022 11:30 AM,https://www.redfin.com/IL/Chicago/1636-N-Wells-St-60614/unit-1914/home/13343198,MRED,11646646,N,Y,41.9122822,-87.6354498
MLS Listing,,Condo/Co-op,2020 W Pierce Ave #7,Chicago,IL,60622,569000,3,2.0,CHI - West Town,1500,,2002,1,379,365,Active,,,https://www.redfin.com/IL/Chicago/2020-W-Pierce-Ave-60622/unit-7/home/12573304,MRED,11646645,N,Y,41.9096224,-87.6782665
MLS Listing,,Single Family Residential,5722 W Fulton St,Chicago,IL,60644,275000,5,2.5,CHI - Austin,1564,,1905,1,176,,Active,,,https://www.redfin.com/IL/Chicago/5722-W-Fulton-St-60644/home/13268043,MRED,11646643,N,Y,41.8857871,-87.7692803
MLS Listing,,Condo/Co-op,3414 N Sheffield Ave #2,Chicago,IL,60657,487000,3,2.0,CHI - Lake View,1550,,2007,1,314,340,Active,,,https://www.redfin.com/IL/Chicago/3414-N-Sheffield-Ave-60657/unit-2/home/21792732,MRED,11646622,N,Y,41.9440554,-87.6543836
MLS Listing,,Condo/Co-op,1440 N State Pkwy Unit 10C,Chicago,IL,60610,735000,3,2.5,The Brownstone,2200,,1973,1,334,2133,Active,,,https://www.redfin.com/IL/Chicago/1440-N-State-Pkwy-60610/unit-10C/home/14114566,MRED,11646614,N,Y,41.9089842,-87.6293667
MLS Listing,,Condo/Co-op,5209 S Leclaire Ave Unit 1A,Chicago,IL,60638,103500,1,1.0,CHI - Garfield Ridge,700,,1967,1,148,276,Active,October-8-2022 11:30 AM,October-8-2022 01:00 PM,https://www.redfin.com/IL/Chicago/5209-S-Leclaire-Ave-60638/unit-1A/home/12615933,MRED,11646609,N,Y,41.7978638,-87.7500028
MLS Listing,,Single Family Residential,5443 S Ellis Ave,Chicago,IL,60615,450000,4,1.5,CHI - Hyde Park,2551,2417,1905,1,176,,Active,,,https://www.redfin.com/IL/Chicago/5443-S-Ellis-Ave-60615/home/13949046,MRED,11646608,N,Y,41.7967671,-87.6009837
MLS Listing,,Condo/Co-op,1812 W Armitage Ave Unit 3W,Chicago,IL,60622,519900,2,2.0,CHI - Logan Square,,,2000,1,,305,Active,October-8-2022 11:00 AM,October-8-2022 12:30 PM,https://www.redfin.com/IL/Chicago/1812-W-Armitage-Ave-60622/unit-3W/home/12741258,MRED,11646600,N,Y,41.9181013,-87.6733776
MLS Listing,,Condo/Co-op,3160 N Lincoln Ave #210,Chicago,IL,60657,415000,2,1.5,CHI - Lake View,1360,,1913,1,305,352,Active,October-8-2022 12:00 PM,October-8-2022 02:00 PM,https://www.redfin.com/IL/Chicago/3160-N-Lincoln-Ave-60657/unit-210/home/12741730,MRED,11646599,N,Y,41.938911,-87.66783
MLS Listing,,Single Family Residential,4332 N Bernard St,Chicago,IL,60618,699000,4,2.5,CHI - Irving Park,2225,3049,1979,1,314,,Active,October-9-2022 12:30 PM,October-9-2022 02:30 PM,https://www.redfin.com/IL/Chicago/4332-N-Bernard-St-60618/home/13484634,MRED,11461977,N,Y,41.9603465,-87.7146155
MLS Listing,,Single Family Residential,5541 S Loomis Blvd,Chicago,IL,60636,140000,4,1.5,CHI - West Englewood,1100,,1974,1,127,,Active,,,https://www.redfin.com/IL/Chicago/5541-S-Loomis-Blvd-60636/home/13941016,MRED,11646586,N,Y,41.7925531,-87.6593892
MLS Listing,,Single Family Residential,7922 S Normal Ave,Chicago,IL,60620,50000,3,1.0,CHI - Chatham,1130,,1895,1,44,,Active,,,https://www.redfin.com/IL/Chicago/7922-S-Normal-Ave-60620/home/13228680,MRED,11646588,N,Y,41.7499881,-87.6370016
MLS Listing,,Condo/Co-op,7033 N Kedzie Ave #1614,Chicago,IL,60645,119600,1,1.0,Winston Towers,986,,1967,1,121,717,Active,,,https://www.redfin.com/IL/Chicago/7033-N-Kedzie-Ave-60645/unit-1614/home/13585381,MRED,11646581,N,Y,42.0090497,-87.7084517
MLS Listing,,Single Family Residential,2950 W Monroe St,Chicago,IL,60612,349000,5,2.5,CHI - East Garfield Park,2300,1319,1890,1,152,,Active,,,https://www.redfin.com/IL/Chicago/2950-W-Monroe-St-60612/home/13259606,MRED,11646574,N,Y,41.8804859,-87.7007686
MLS Listing,,Condo/Co-op,6513 N Mozart St Unit A,Chicago,IL,60645,129900,1,1.0,Mozart Manor Condominiums,800,,1927,1,162,348,Active,,,https://www.redfin.com/IL/Chicago/6513-N-Mozart-St-60645/unit-A/home/13582135,MRED,11646567,N,Y,41.9997096,-87.7005262
MLS Listing,,Single Family Residential,2329 N Major Ave,Chicago,IL,60639,644900,4,3.5,CHI - Belmont Cragin,2800,3123,2022,1,230,,Active,,,https://www.redfin.com/IL/Chicago/2329-N-Major-Ave-60639/home/13430172,MRED,11646565,N,Y,41.9266784,-87.7683079
MLS Listing,,Condo/Co-op,6831 N Seeley Ave Unit 3J,Chicago,IL,60645,156000,1,1.0,CHI - West Ridge,800,,1956,1,195,245,Active,,,https://www.redfin.com/IL/Chicago/6831-N-Seeley-Ave-60645/unit-3J/home/18933181,MRED,11646561,N,Y,42.0061561,-87.6817163
MLS Listing,,Condo/Co-op,340 E Randolph St #5606,Chicago,IL,60601,2290000,3,2.5,340 on the Park,2354,,2007,1,973,1600,Active,,,https://www.redfin.com/IL/Chicago/340-E-Randolph-St-60601/unit-5606/home/26815512,MRED,11646555,N,Y,41.8847771,-87.6190621
MLS Listing,,Condo/Co-op,1352 E Madison Park #3,Chicago,IL,60615,369500,3,2.0,CHI - Kenwood,1885,,1925,1,196,562,Active,,,https://www.redfin.com/IL/Chicago/1352-E-Madison-Park-60615/unit-3/home/88473241,MRED,11646554,N,Y,41.803462,-87.592882
MLS Listing,,Condo/Co-op,1017 S Lytle St #302,Chicago,IL,60607,529000,3,2.0,CHI - Near West Side,2200,,2005,1,240,281,Active,October-8-2022 12:00 PM,October-8-2022 02:00 PM,https://www.redfin.com/IL/Chicago/1017-S-Lytle-St-60607/unit-302/home/18913975,MRED,11646548,N,Y,41.8688452,-87.6576776
MLS Listing,,Single Family Residential,2244 N Leclaire Ave,Chicago,IL,60639,298000,2,1.5,CHI - Belmont Cragin,1008,5039,1918,1,296,,Active,,,https://www.redfin.com/IL/Chicago/2244-N-Leclaire-Ave-60639/home/13426728,MRED,11637589,N,Y,41.9218395,-87.753902
MLS Listing,,Single Family Residential,8118 S Oglesby Ave,Chicago,IL,60617,299000,6,3.0,CHI - South Chicago,3073,4373,1924,1,97,,Active,October-8-2022 01:00 PM,October-8-2022 03:00 PM,https://www.redfin.com/IL/Chicago/8118-S-Oglesby-Ave-60617/home/13218708,MRED,11646536,N,Y,41.7474483,-87.5676824
MLS Listing,,Single Family Residential,3500 N Keating Ave,Chicago,IL,60641,349500,4,2.5,CHI - Portage Park,1473,5392,1912,1,237,,Active,,,https://www.redfin.com/IL/Chicago/3500-N-Keating-Ave-60641/home/13458971,MRED,11646527,N,Y,41.9448021,-87.7456726
MLS Listing,,Condo/Co-op,2146 W Addison St #3,Chicago,IL,60618,575000,3,2.0,CHI - North Center,2000,,1999,1,288,250,Active,October-8-2022 12:00 PM,October-8-2022 02:00 PM,https://www.redfin.com/IL/Chicago/2146-W-Addison-St-60618/unit-3/home/12753804,MRED,11646524,N,Y,41.9470694,-87.6828196
MLS Listing,,Multi-Family (2-4 Unit),6241 S Troy St,Chicago,IL,60629,299000,5,3.0,CHI - Chicago Lawn,,,1918,1,,,Active,,,https://www.redfin.com/IL/Chicago/6241-S-Troy-St-60629/home/14012741,MRED,11646518,N,Y,41.7796094,-87.7016925
MLS Listing,,Condo/Co-op,345 W Fullerton Pkwy #1706,Chicago,IL,60614,432500,2,2.0,CHI - Lincoln Park,1095,,1972,1,395,907,Active,,,https://www.redfin.com/IL/Chicago/345-W-Fullerton-Pkwy-60614/unit-1706/home/13348918,MRED,11646519,N,Y,41.9254214,-87.638644
MLS Listing,,Single Family Residential,1522 N Leamington Ave,Chicago,IL,60651,534900,4,3.5,CHI - Austin,2910,3023,2022,1,184,,Active,,,https://www.redfin.com/IL/Chicago/1522-N-Leamington-Ave-60651/home/13280736,MRED,11646512,N,Y,41.9083796,-87.7550106
MLS Listing,,Single Family Residential,6753 S Indiana Ave,Chicago,IL,60637,269000,4,2.5,CHI - Greater Grand Crossing,1700,3781,1910,1,158,,Active,,,https://www.redfin.com/IL/Chicago/6753-S-Indiana-Ave-60637/home/13929762,MRED,11646516,N,Y,41.771299,-87.6199781
MLS Listing,,Single Family Residential,1747 W Henderson St,Chicago,IL,60657,850000,4,2.5,CHI - Lake View,2129,2700,1890,1,399,,Active,October-8-2022 11:00 AM,October-8-2022 12:30 PM,https://www.redfin.com/IL/Chicago/1747-W-Henderson-St-60657/home/13384356,MRED,11638478,N,Y,41.9421432,-87.6730292
MLS Listing,,Single Family Residential,8403 S Aberdeen St,Chicago,IL,60620,199900,3,2.5,CHI - Auburn Gresham,2110,3123,,1,95,,Active,,,https://www.redfin.com/IL/Chicago/8403-S-Aberdeen-St-60620/home/13229790,MRED,11646507,N,Y,41.741246,-87.6508024
MLS Listing,,Condo/Co-op,5855 N Sheridan Rd Unit 10B,Chicago,IL,60660,387500,2,2.0,CHI - Edgewater,1600,,1969,1,242,895,Active,October-9-2022 02:00 PM,October-9-2022 04:00 PM,https://www.redfin.com/IL/Chicago/5855-N-Sheridan-Rd-60660/unit-10B/home/13410125,MRED,11646499,N,Y,41.9887543,-87.6546809
MLS Listing,,Condo/Co-op,1550 S Blue Island Ave #918,Chicago,IL,60608,214000,1,1.0,CHI - Near West Side,846,,1927,1,253,539,Active,,,https://www.redfin.com/IL/Chicago/1550-S-Blue-Island-Ave-60608/unit-918/home/26818927,MRED,11646504,N,Y,41.8606011,-87.6597314
MLS Listing,,Condo/Co-op,1803 W Ohio St #2,Chicago,IL,60622,329000,2,2.0,CHI - West Town,,,1880,1,,117,Active,October-8-2022 11:00 AM,October-8-2022 01:00 PM,https://www.redfin.com/IL/Chicago/1803-W-Ohio-St-60622/unit-2/home/40376823,MRED,11646502,N,Y,41.892166,-87.6722803
MLS Listing,,Single Family Residential,2321 E 92nd St,Chicago,IL,60617,350000,4,3.0,CHI - Calumet Heights,1004,,1950,1,349,,Active,,,https://www.redfin.com/IL/Chicago/2321-E-92nd-St-60617/home/13116219,MRED,11646489,N,Y,41.7278596,-87.567299
MLS Listing,,Condo/Co-op,834 W Agatite Ave Unit 1S,Chicago,IL,60640,299999,2,2.0,CHI - Uptown,,,,1,,289,Active,October-8-2022 12:00 PM,October-8-2022 01:30 PM,https://www.redfin.com/IL/Chicago/834-W-Agatite-Ave-60640/unit-1S/home/177550526,MRED,11646487,N,Y,41.9629901,-87.6513309
MLS Listing,,Condo/Co-op,218 S Hamilton Ave Unit 1S,Chicago,IL,60612,549900,3,2.5,CHI - Near West Side,2600,,2003,1,212,327,Active,,,https://www.redfin.com/IL/Chicago/218-S-Hamilton-Ave-60612/unit-1S/home/12679245,MRED,11646488,N,Y,41.8781168,-87.6805989
MLS Listing,,Condo/Co-op,3356 N Central Park Ave Unit 1N,Chicago,IL,60618,315000,3,2.0,CHI - Avondale,,,,1,,208,Active,October-8-2022 12:00 PM,October-8-2022 01:30 PM,https://www.redfin.com/IL/Chicago/3356-N-Central-Park-Ave-60618/unit-1N/home/12668474,MRED,11646479,N,Y,41.9426435,-87.7178539
MLS Listing,,Single Family Residential,3435 S Bell Ave,Chicago,IL,60608,318000,3,1.0,CHI - McKinley Park,800,3001,1890,1,398,,Active,,,https://www.redfin.com/IL/Chicago/3435-S-Bell-Ave-60608/home/14077744,MRED,11646470,N,Y,41.8311021,-87.6811565
MLS Listing,,Single Family Residential,4651 N Forestview Ave,Chicago,IL,60656,499900,3,2.5,CHI - O'Hare,1294,5749,1966,1,386,,Active,,,https://www.redfin.com/IL/Chicago/4651-N-Forestview-Ave-60656/home/13551806,MRED,11646468,N,Y,41.9643949,-87.8455818
MLS Listing,,Single Family Residential,610 N Damen Ave,Chicago,IL,60622,799900,3,3.5,CHI - West Town,2000,1799,2002,1,400,,Active,October-8-2022 11:00 AM,October-8-2022 12:30 PM,https://www.redfin.com/IL/Chicago/610-N-Damen-Ave-60622/home/14104636,MRED,11646467,N,Y,41.8926593,-87.6771541
MLS Listing,,Townhouse,421 N Clinton St,Chicago,IL,60654,999000,4,3.0,Kinzie Park,2416,,2000,1,413,909,Active,October-8-2022 11:00 AM,October-8-2022 01:00 PM,https://www.redfin.com/IL/Chicago/421-N-Clinton-St-60654/home/12765684,MRED,11646457,N,Y,41.8897238,-87.6411933
MLS Listing,,Multi-Family (2-4 Unit),212 S Hamilton Ave,Chicago,IL,60612,799900,5,3.5,CHI - Near West Side,,,1940,1,,,Active,,,https://www.redfin.com/IL/Chicago/212-S-Hamilton-Ave-60612/home/14088387,MRED,11646441,N,Y,41.8782335,-87.6805027
MLS Listing,,Single Family Residential,7819 S Drexel Ave,Chicago,IL,60619,324900,4,3.0,CHI - Greater Grand Crossing,2680,3123,1905,1,121,,Active,,,https://www.redfin.com/IL/Chicago/7819-S-Drexel-Ave-60619/home/13921394,MRED,11646443,N,Y,41.7524912,-87.602495
MLS Listing,,Single Family Residential,6275 W Hyacinth St,Chicago,IL,60646,639000,5,3.0,CHI - Norwood Park,3333,5623,1952,1,192,,Active,October-9-2022 11:00 AM,October-9-2022 02:00 PM,https://www.redfin.com/IL/Chicago/6275-W-Hyacinth-St-60646/home/13511962,MRED,11646434,N,Y,41.9921249,-87.7849634
MLS Listing,,Single Family Residential,1800 W Diversey Pkwy Unit B,Chicago,IL,60614,569900,3,3.5,Picardy Place,,1485,1996,1,,210,Active,,,https://www.redfin.com/IL/Chicago/1800-W-Diversey-Pkwy-60614/unit-B/home/13359089,MRED,11646425,N,Y,41.9325702,-87.6736499
MLS Listing,,Condo/Co-op,218 S Hamilton Ave Unit 2S,Chicago,IL,60612,399900,2,2.0,CHI - Near West Side,1400,,2003,1,286,156,Active,,,https://www.redfin.com/IL/Chicago/218-S-Hamilton-Ave-60612/unit-2S/home/12678981,MRED,11646423,N,Y,41.8781168,-87.6805989
MLS Listing,,Townhouse,1318 W Touhy Ave Unit E,Chicago,IL,60626,294900,3,1.5,CHI - Rogers Park,1300,,1966,1,227,,Active,,,https://www.redfin.com/IL/Chicago/1318-W-Touhy-Ave-60626/unit-E/home/13575052,MRED,11646415,N,Y,42.0131092,-87.6645115
MLS Listing,,Condo/Co-op,1147 W Ohio St #304,Chicago,IL,60647,699900,3,2.0,CHI - West Town,2382,,1920,1,294,554,Active,October-8-2022 01:00 AM,October-8-2022 02:30 PM,https://www.redfin.com/IL/Chicago/1147-W-Ohio-St-60642/unit-304/home/14102367,MRED,11646420,N,Y,41.8919125,-87.6566928
MLS Listing,,Single Family Residential,2674 N Burling St,Chicago,IL,60614,3000000,6,4.5,CHI - Lincoln Park,4500,,2022,1,667,,Active,,,https://www.redfin.com/IL/Chicago/2674-N-Burling-St-60614/home/13368661,MRED,11646411,N,Y,41.9312602,-87.6480258
MLS Listing,,Condo/Co-op,5130 N Albany Ave #203,Chicago,IL,60625,129900,1,1.0,CHI - North Park,800,,1976,1,162,247,Active,,,https://www.redfin.com/IL/Chicago/5130-N-Albany-Ave-60625/unit-203/home/12808244,MRED,11646412,N,Y,41.9747877,-87.7065142
MLS Listing,,Single Family Residential,10331 S Sangamon St,Chicago,IL,60643,224999,4,2.0,CHI - Washington Heights,1500,3628,1922,1,150,,Active,October-8-2022 12:00 PM,October-8-2022 03:00 PM,https://www.redfin.com/IL/Chicago/10331-S-Sangamon-St-60643/home/13075735,MRED,11646388,N,Y,41.7059624,-87.6461854
MLS Listing,,Single Family Residential,2824 N Kostner Ave,Chicago,IL,60641,335000,3,2.0,CHI - Hermosa,1476,,1927,1,227,,Active,,,https://www.redfin.com/IL/Chicago/2824-N-Kostner-Ave-60641/home/13444294,MRED,11646393,N,Y,41.932439,-87.7371411
MLS Listing,,Condo/Co-op,512 N Mcclurg Ct #4905,Chicago,IL,60611,369000,1,1.0,Residences at River East,965,,2001,1,382,560,Active,October-9-2022 12:00 PM,October-9-2022 02:00 PM,https://www.redfin.com/IL/Chicago/512-N-McClurg-Ct-60611/unit-4905/home/12694951,MRED,11641397,N,Y,41.8915234,-87.6178142
MLS Listing,,Single Family Residential,10816 S Calumet Ave,Chicago,IL,60628,254500,3,2.0,CHI - Roseland,2000,3750,1944,1,127,,Active,,,https://www.redfin.com/IL/Chicago/10816-S-Calumet-Ave-60628/home/13080411,MRED,11646380,N,Y,41.6976191,-87.6149547
MLS Listing,,Condo/Co-op,841 W Grace St Unit 2S,Chicago,IL,60613,764900,3,2.0,CHI - Lake View,2000,,2014,1,382,255,Active,,,https://www.redfin.com/IL/Chicago/841-W-Grace-St-60613/unit-2S/home/113097425,MRED,11609932,N,Y,41.9508331,-87.651215
MLS Listing,,Single Family Residential,5442 S Oak Park Ave,Chicago,IL,60638,369873,3,2.0,CHI - Garfield Ridge,2200,,1960,1,168,,Active,,,https://www.redfin.com/IL/Chicago/5442-S-Oak-Park-Ave-60638/home/14029809,MRED,11646371,N,Y,41.792791,-87.7918774
MLS Listing,,Condo/Co-op,320 W Oakdale Ave #502,Chicago,IL,60657,300000,1,1.0,CHI - Lake View,1300,,1955,1,231,896,Active,October-8-2022 11:00 AM,October-8-2022 02:00 PM,https://www.redfin.com/IL/Chicago/320-W-Oakdale-Ave-60657/unit-502/home/13370050,MRED,11646366,N,Y,41.935862,-87.6380327
MLS Listing,,Condo/Co-op,1424 W Walton St #2,Chicago,IL,60642,535000,2,2.0,CHI - West Town,1400,,2013,1,382,136,Active,October-8-2022 11:00 AM,October-8-2022 12:30 PM,https://www.redfin.com/IL/Chicago/1424-W-Walton-St-60642/unit-2/home/105708688,MRED,11644755,N,Y,41.899048,-87.6634988
MLS Listing,,Single Family Residential,7802 W Victoria St,Chicago,IL,60631,340000,2,1.0,CHI - Norwood Park,1000,3789,1945,1,340,,Active,October-9-2022 10:00 AM,October-9-2022 12:00 PM,https://www.redfin.com/IL/Chicago/7802-W-Victoria-St-60631/home/13565097,MRED,11639026,N,Y,41.9853196,-87.8219974
MLS Listing,,Single Family Residential,6075 N Naples Ave,Chicago,IL,60631,615000,4,4.0,CHI - Norwood Park,3000,,1957,1,205,,Active,October-8-2022 12:00 PM,October-8-2022 02:00 PM,https://www.redfin.com/IL/Chicago/6075-N-Naples-Ave-60631/home/13508049,MRED,11646363,N,Y,41.992431,-87.7885724
MLS Listing,,Single Family Residential,3800 W Eddy St,Chicago,IL,60618,949700,6,3.5,CHI - Avondale,3557,3728,1913,1,267,,Active,,,https://www.redfin.com/IL/Chicago/3800-W-Eddy-St-60618/home/13455064,MRED,11646358,N,Y,41.9457168,-87.722644
MLS Listing,,Single Family Residential,9219 S Kingston Ave,Chicago,IL,60617,289900,4,2.0,CHI - Calumet Heights,2548,4726,1963,1,114,,Active,,,https://www.redfin.com/IL/Chicago/9219-S-Kingston-Ave-60617/home/13042826,MRED,11646356,N,Y,41.7275009,-87.5618134
MLS Listing,,Single Family Residential,12257 S State St,Chicago,IL,60628,260000,5,3.5,CHI - West Pullman,1556,,1927,1,167,,Active,,,https://www.redfin.com/IL/Chicago/12257-S-State-St-60628/home/13058611,MRED,11646355,N,Y,41.6709711,-87.6221777
MLS Listing,,Single Family Residential,4806 S Linder Ave,Chicago,IL,60638,334000,3,2.0,CHI - Garfield Ridge,881,,1999,1,379,,Active,October-8-2022 11:30 AM,October-8-2022 01:30 PM,https://www.redfin.com/IL/Chicago/4806-S-Linder-Ave-60638/home/14025938,MRED,11646353,N,Y,41.8051942,-87.7605538
MLS Listing,,Condo/Co-op,2414 W Thorndale Ave #3,Chicago,IL,60659,135000,1,1.0,CHI - West Ridge,850,,1929,1,159,386,Active,,,https://www.redfin.com/IL/Chicago/2414-W-Thorndale-Ave-60659/unit-3/home/25673594,MRED,11646350,N,Y,41.9887568,-87.69045
MLS Listing,,Single Family Residential,11441 S Ada St,Chicago,IL,60643,89900,2,1.0,CHI - Morgan Park,840,,1953,1,107,,Active,,,https://www.redfin.com/IL/Chicago/11441-S-Ada-St-60643/home/13067104,MRED,11646344,N,Y,41.6855311,-87.6553193
MLS Listing,,Condo/Co-op,4741 N Maplewood Ave Unit 3N,Chicago,IL,60625,319900,2,1.0,CHI - Lincoln Square,900,,1922,1,355,308,Active,October-6-2022 04:30 PM,October-6-2022 06:30 PM,https://www.redfin.com/IL/Chicago/4741-N-Maplewood-Ave-60625/unit-3N/home/182153517,MRED,11646343,N,Y,41.9679623,-87.6923046
MLS Listing,,Multi-Family (2-4 Unit),3713 N Cicero Ave,Chicago,IL,60641,437000,5,3.0,CHI - Portage Park,,3049,1904,1,,,Active,,,https://www.redfin.com/IL/Chicago/3713-N-Cicero-Ave-60641/home/180668261,MRED,11646339,N,Y,41.9483789,-87.7468793
MLS Listing,,Condo/Co-op,40 E 9th St #1005,Chicago,IL,60605,225000,2,1.0,CHI - Loop,1050,,,1,214,661,Active,October-15-2022 12:00 PM,October-15-2022 02:00 PM,https://www.redfin.com/IL/Chicago/40-E-9th-St-60605/unit-1005/home/12647630,MRED,11646334,N,Y,41.8707384,-87.6263891
MLS Listing,,Condo/Co-op,4521 N Central Park Ave Unit 1W,Chicago,IL,60625,179900,2,1.0,CHI - Albany Park,900,,1921,1,200,306,Active,,,https://www.redfin.com/IL/Chicago/4521-N-Central-Park-Ave-60625/unit-1W/home/12600805,MRED,11646333,N,Y,41.9635298,-87.7177831
MLS Listing,,Condo/Co-op,1800 W Grace St Unit 108T,Chicago,IL,60613,495000,2,2.0,CHI - North Center,1368,,2008,1,362,662,Active,October-8-2022 11:30 AM,October-8-2022 01:00 PM,https://www.redfin.com/IL/Chicago/1800-W-Grace-St-60613/unit-108T/home/40377673,MRED,11646332,N,Y,41.950727,-87.674211
MLS Listing,,Single Family Residential,4569 N Melvina Ave,Chicago,IL,60630,319000,3,1.5,CHI - Portage Park,1200,3781,1954,1,266,,Active,October-8-2022 12:00 PM,October-8-2022 02:00 PM,https://www.redfin.com/IL/Chicago/4569-N-Melvina-Ave-60630/home/13476276,MRED,11646328,N,Y,41.9640874,-87.7817712
MLS Listing,,Single Family Residential,2157 E 90th St,Chicago,IL,60617,180000,3,1.5,CHI - Calumet Heights,1507,,1957,1,119,,Active,,,https://www.redfin.com/IL/Chicago/2157-E-90th-St-60617/home/13117233,MRED,11646320,N,Y,41.7313792,-87.5709589
MLS Listing,,Multi-Family (2-4 Unit),7216 S Emerald St,Chicago,IL,60621,180000,5,2.0,CHI - Englewood,,,1920,1,,,Active,,,https://www.redfin.com/IL/Chicago/7216-S-Emerald-Dr-60621/home/182152203,MRED,11646317,N,Y,41.7815518,-87.6441765
MLS Listing,,Single Family Residential,6420 N Longmeadow Ave,Lincolnwood,IL,60712,835000,5,4.0,Lincolnwood Towers,4558,10881,2002,1,183,,Active,,,https://www.redfin.com/IL/Lincolnwood/6420-N-Longmeadow-Ave-60712/home/12778335,MRED,11646314,N,Y,41.9979726,-87.7520755
MLS Listing,,Single Family Residential,3623 W Lexington St,Chicago,IL,60624,210000,3,1.5,CHI - East Garfield Park,2050,2047,1898,1,102,,Active,,,https://www.redfin.com/IL/Chicago/3623-W-Lexington-St-60624/home/26811347,MRED,11646300,N,Y,41.8715448,-87.7164528
MLS Listing,,Single Family Residential,2040 N Hamlin Ave,Chicago,IL,60647,740000,4,3.5,CHI - Logan Square,,,2017,1,,,Active,,,https://www.redfin.com/IL/Chicago/2040-N-Hamlin-Ave-60647/home/109054782,MRED,11646288,N,Y,41.9184904,-87.7219467
MLS Listing,,Condo/Co-op,5310 N Chester Ave #118,Chicago,IL,60656,115000,1,1.0,CHI - O'Hare,600,,1973,1,192,247,Active,,,https://www.redfin.com/IL/Chicago/5310-N-Chester-Ave-60656/unit-118/home/21817021,MRED,11646280,N,Y,41.9761677,-87.8400103
MLS Listing,,Condo/Co-op,2405 W Balmoral Ave Unit 2A,Chicago,IL,60625,125000,1,1.0,CHI - Lincoln Square,750,,1959,1,167,245,Active,,,https://www.redfin.com/IL/Chicago/2405-W-Balmoral-Ave-60625/unit-2A/home/26804664,MRED,11646276,N,Y,41.9790979,-87.6896563
MLS Listing,,Vacant Land,6714 S Perry Ave S,Chicago,IL,60621,99000,,,CHI - Greater Grand Crossing,,,,1,,,Active,,,https://www.redfin.com/IL/Chicago/6714-S-Perry-Ave-60621/home/147915768,MRED,11646272,N,Y,41.7722254,-87.6286448
MLS Listing,,Multi-Family (2-4 Unit),5427 S Wolcott Ave,Chicago,IL,60609,350000,4,2.0,CHI - New City,,,1908,1,,,Active,,,https://www.redfin.com/IL/Chicago/5427-S-Wolcott-Ave-60609/home/13955021,MRED,11646268,N,Y,41.794953,-87.6716447
MLS Listing,,Condo/Co-op,3731 N Saint Louis Ave Unit 2R,Chicago,IL,60618,149990,2,1.0,CHI - Irving Park,,,1914,1,,246,Active,,,https://www.redfin.com/IL/Chicago/3731-N-St-Louis-Ave-60618/unit-2R/home/12617458,MRED,11646259,N,Y,41.9493269,-87.7148866
MLS Listing,,Single Family Residential,7575 W Isham Ave,Chicago,IL,60631,422000,3,1.5,CHI - Edison Park,1100,4438,1947,1,384,,Active,,,https://www.redfin.com/IL/Chicago/7575-W-Isham-St-60631/home/13635727,MRED,11646256,N,Y,41.9976846,-87.8165355
MLS Listing,,Condo/Co-op,6206 N Francisco Ave Unit 2C,Chicago,IL,60659,89900,1,1.0,CHI - West Ridge,550,,1931,1,163,200,Active,,,https://www.redfin.com/IL/Chicago/6206-N-Francisco-Ave-60659/unit-2C/home/12594092,MRED,11646251,N,Y,41.9942579,-87.7022979
MLS Listing,,Single Family Residential,527 N Ridgeway Ave,Chicago,IL,60624,349999,3,3.5,CHI - Humboldt Park,2100,3249,,1,167,,Active,October-8-2022 10:00 AM,October-8-2022 11:30 AM,https://www.redfin.com/IL/Chicago/527-N-Ridgeway-Ave-60624/home/13261995,MRED,11646248,N,Y,41.8907554,-87.7196098
MLS Listing,,Multi-Family (2-4 Unit),12005 S La Salle St,Chicago,IL,60628,239900,4,2.0,CHI - West Pullman,,,1924,1,,,Active,October-8-2022 01:00 PM,October-8-2022 03:00 PM,https://www.redfin.com/IL/Chicago/12005-S-La-Salle-St-60628/home/13057492,MRED,11439671,N,Y,41.6759415,-87.6259457
MLS Listing,,Condo/Co-op,7450 N Claremont Ave Unit 3N,Chicago,IL,60645,249900,3,2.0,CHI - West Ridge,1716,,,1,146,544,Active,October-9-2022 11:00 AM,October-9-2022 01:00 PM,https://www.redfin.com/IL/Chicago/7450-N-Claremont-Ave-60645/unit-3N/home/105514599,MRED,11646239,N,Y,42.017121,-87.689223
MLS Listing,,Single Family Residential,8441 S Paxton Ave,Chicago,IL,60617,289000,4,2.0,CHI - South Chicago,3750,,1923,1,77,,Active,,,https://www.redfin.com/IL/Chicago/8441-S-Paxton-Ave-60617/home/13217758,MRED,11646238,N,Y,41.7413826,-87.5706956
MLS Listing,,Condo/Co-op,2134 W Pierce Ave #3,Chicago,IL,60622,1025000,3,2.5,CHI - West Town,,,1899,1,,325,Active,,,https://www.redfin.com/IL/Chicago/2134-W-Pierce-Ave-60622/unit-3/home/182150411,MRED,11646232,N,Y,41.9096084,-87.6811886
MLS Listing,,Condo/Co-op,4559 S Michigan Ave Unit 1S,Chicago,IL,60653,299900,3,2.0,CHI - Grand Boulevard,,,2022,1,,154,Active,October-8-2022 11:00 AM,October-8-2022 12:00 PM,https://www.redfin.com/IL/Chicago/4559-S-Michigan-Ave-60653/unit-1S/home/182150213,MRED,11646228,N,Y,41.811419,-87.6224084
MLS Listing,,Condo/Co-op,1835 N Halsted St #10,Chicago,IL,60614,699900,2,2.5,CHI - Lincoln Park,,,,1,,391,Active,October-8-2022 10:00 AM,October-8-2022 12:00 PM,https://www.redfin.com/IL/Chicago/1835-N-Halsted-St-60614/unit-10/home/13347546,MRED,11646216,N,Y,41.9147636,-87.6481434
MLS Listing,,Single Family Residential,600 E 88th Pl,Chicago,IL,60619,185000,3,1.0,CHI - Chatham,1154,3123,1940,1,160,,Active,,,https://www.redfin.com/IL/Chicago/600-E-88th-Pl-60619/home/13112225,MRED,11646214,N,Y,41.7340574,-87.6094389
MLS Listing,,Condo/Co-op,523 N Racine Ave #4,Chicago,IL,60642,425000,2,2.0,CHI - West Town,1500,,2004,1,283,197,Active,October-8-2022 12:30 PM,October-8-2022 02:00 PM,https://www.redfin.com/IL/Chicago/523-N-Racine-Ave-60642/unit-4/home/12640500,MRED,11646215,N,Y,41.8918482,-87.6571388
MLS Listing,,Multi-Family (2-4 Unit),1243 S 61st Ave,Cicero,IL,60804,399900,6,3.0,Cicero,,3920,1961,1,,,Active,,,https://www.redfin.com/IL/Cicero/1243-S-61st-Ave-60804/home/13242589,MRED,11646207,N,Y,41.8639279,-87.7763044
MLS Listing,,Multi-Family (2-4 Unit),5212 S King Dr S,Chicago,IL,60615,890000,15,11.0,CHI - Washington Park,,,1908,1,,,Active,,,https://www.redfin.com/IL/Chicago/5212-S-King-Dr-60615/home/13949957,MRED,11646204,N,Y,41.799819,-87.616567
MLS Listing,,Condo/Co-op,1255 N Sandburg Ter #209,Chicago,IL,60610,229000,1,1.0,CHI - Near North Side,750,,1969,1,305,511,Active,,,https://www.redfin.com/IL/Chicago/1255-N-Sandburg-Ter-60610/unit-209/home/182149798,MRED,11646197,N,Y,41.9054286,-87.6319398
MLS Listing,,Condo/Co-op,6171 N Sheridan Rd #1309,Chicago,IL,60660,158000,1,1.0,CHI - Edgewater,,,,1,,543,Active,,,https://www.redfin.com/IL/Chicago/6171-N-Sheridan-Rd-60660/unit-1309/home/13413384,MRED,11646196,N,Y,41.9944051,-87.6549099
MLS Listing,,Multi-Family (2-4 Unit),3087 N Elbridge Ave,Chicago,IL,60618,1499900,7,6.0,CHI - Avondale,,,1910,1,,,Active,October-8-2022 11:00 AM,October-8-2022 12:30 PM,https://www.redfin.com/IL/Chicago/3087-N-Elbridge-Ave-60618/home/13448613,MRED,11626672,N,Y,41.9369879,-87.7146639
MLS Listing,,Vacant Land,1532 S Kolin Ave,Chicago,IL,60623,30000,,,Lawndale,,3484,,1,,,Active,,,https://www.redfin.com/IL/Chicago/1532-S-Kolin-Ave-60623/home/147909153,MRED,11646193,N,Y,41.859605,-87.733883
MLS Listing,,Vacant Land,5518 S Bishop St,Chicago,IL,60636,30000,,,CHI - West Englewood,,2613,,1,,,Active,,,https://www.redfin.com/IL/Chicago/5518-S-Bishop-St-60636/home/148048997,MRED,11646189,N,Y,41.7930711,-87.6612064
MLS Listing,,Single Family Residential,1338 W 99th St,Chicago,IL,60643,349900,5,3.0,CHI - Washington Heights,3000,3624,,1,117,,Active,,,https://www.redfin.com/IL/Chicago/1338-W-99th-St-60643/home/13097224,MRED,11646178,N,Y,41.7142651,-87.656668
MLS Listing,,Single Family Residential,6943 N Tonty Ave,Chicago,IL,60646,695000,4,2.5,Wildwood,2121,,1965,1,328,,Active,,,https://www.redfin.com/IL/Chicago/6943-N-Tonty-Ave-60646/home/13593122,MRED,11646177,N,Y,42.0070751,-87.7746038
MLS Listing,,Single Family Residential,1935 N Dayton St,Chicago,IL,60614,1799000,5,5.5,CHI - Lincoln Park,5470,,,1,329,,Active,October-16-2022 11:30 AM,October-16-2022 01:00 PM,https://www.redfin.com/IL/Chicago/1935-N-Dayton-St-60614/home/13350834,MRED,11646173,N,Y,41.9170554,-87.649397
MLS Listing,,Single Family Residential,8004 S Wabash Ave,Chicago,IL,60619,280000,3,2.0,CHI - Chatham,4850,,1953,1,58,,Active,,,https://www.redfin.com/IL/Chicago/8004-S-Wabash-Ave-60619/home/13227177,MRED,11646171,N,Y,41.7489257,-87.6232526
MLS Listing,,Multi-Family (2-4 Unit),6915 S Racine Ave,Chicago,IL,60636,43900,4,2.0,CHI - Englewood,,3049,1871,1,,,Active,,,https://www.redfin.com/IL/Chicago/6915-S-Racine-Ave-60636/home/13931118,MRED,11646167,N,Y,41.7681597,-87.6539705
MLS Listing,,Condo/Co-op,130 N Garland Ct #4202,Chicago,IL,60602,850000,3,2.0,CHI - Loop,1695,,2005,1,501,1072,Active,October-8-2022 12:00 PM,October-8-2022 03:00 PM,https://www.redfin.com/IL/Chicago/130-N-Garland-Ct-60602/unit-4202/home/12620701,MRED,11646163,N,Y,41.8841055,-87.625965
MLS Listing,,Single Family Residential,1929 N Harding Ave,Chicago,IL,60647,625000,4,5.0,CHI - Hermosa,,,,1,,,Active,October-8-2022 01:30 PM,October-8-2022 03:00 PM,https://www.redfin.com/IL/Chicago/1929-N-Harding-Ave-60647/home/13420352,MRED,11646166,N,Y,41.9162343,-87.7250322
MLS Listing,,Condo/Co-op,10652 S Langley Ave,Chicago,IL,60628,95500,2,1.5,CHI - Pullman,,,,1,,,Active,,,https://www.redfin.com/IL/Chicago/10652-S-Langley-Ave-60628/home/13079922,MRED,11646160,N,Y,41.700488,-87.6064743
MLS Listing,,Multi-Family (2-4 Unit),5550 W Sunnyside Ave,Chicago,IL,60630,599000,7,3.5,CHI - Portage Park,,,1970,1,,,Active,,,https://www.redfin.com/IL/Chicago/5550-W-Sunnyside-Ave-60630/home/13479643,MRED,11646157,N,Y,41.9625794,-87.7668393
MLS Listing,,Condo/Co-op,2819 N Lakewood Ave Unit 3N,Chicago,IL,60657,499900,2,2.0,CHI - Lake View,,,2005,1,,180,Active,October-8-2022 11:00 AM,October-8-2022 12:30 PM,https://www.redfin.com/IL/Chicago/2819-N-Lakewood-Ave-60657/unit-3N/home/21795568,MRED,11646156,N,Y,41.933196,-87.660788
